Id,domain_no,hmm_species,chain_type,e-value,score,seqstart_index,seqend_index,identity_species,v_gene,v_identity,j_gene,j_identity,1,2,3,4,5,6,7,8,9,10,11,12,13,14,15,16,17,18,19,20,21,22,23,24,25,26,27,28,29,30,31,32,33,34,35,36,37,38,39,40,41,42,43,44,45,46,47,48,49,50,51,52,53,54,55,56,57,58,59,60,61,62,63,64,65,66,67,68,69,70,71,72,73,74,75,76,77,78,79,80,81,82,83,84,85,86,87,88,89,90,91,92,93,94,95,96,97,98,99,100,101,102,103,104,105,106,107,108,109,110,111,112,113,114,115,116,117,118,119,120,121,122,123,124,125,126,127
abituzumab,0,human,K,1e-58,188.0,0,106,,,0.00,,0.00,D,I,Q,M,T,Q,S,P,S,S,L,S,A,S,V,G,D,R,V,T,I,T,C,R,A,S,Q,D,I,-,-,-,-,-,-,S,N,Y,L,A,W,Y,Q,Q,K,P,G,K,A,P,K,L,L,I,Y,Y,T,-,-,-,-,-,-,-,S,K,I,H,S,G,V,P,-,S,R,F,S,G,S,G,-,-,S,G,T,D,Y,T,F,T,I,S,S,L,Q,P,E,D,I,A,T,Y,Y,C,Q,Q,G,N,T,-,-,-,-,F,P,Y,T,F,G,Q,G,T,K,V,E,I,K
abrilumab,0,human,K,4.9e-60,192.2,0,106,,,0.00,,0.00,D,I,Q,M,T,Q,S,P,S,S,V,S,A,S,V,G,D,R,V,T,I,T,C,R,A,S,Q,G,I,-,-,-,-,-,-,S,S,W,L,A,W,Y,Q,Q,K,P,G,K,A,P,K,L,L,I,Y,G,A,-,-,-,-,-,-,-,S,N,L,E,S,G,V,P,-,S,R,F,S,G,S,G,-,-,S,G,T,D,F,T,L,T,I,S,S,L,Q,P,E,D,F,A,N,Y,Y,C,Q,Q,A,N,S,-,-,-,-,F,P,W,T,F,G,Q,G,T,K,V,E,I,K
adalimumab,0,human,K,9.3e-61,194.5,0,106,,,0.00,,0.00,D,I,Q,M,T,Q,S,P,S,S,L,S,A,S,V,G,D,R,V,T,I,T,C,R,A,S,Q,G,I,-,-,-,-,-,-,R,N,Y,L,A,W,Y,Q,Q,K,P,G,K,A,P,K,L,L,I,Y,A,A,-,-,-,-,-,-,-,S,T,L,Q,S,G,V,P,-,S,R,F,S,G,S,G,-,-,S,G,T,D,F,T,L,T,I,S,S,L,Q,P,E,D,V,A,T,Y,Y,C,Q,R,Y,N,R,-,-,-,-,A,P,Y,T,F,G,Q,G,T,K,V,E,I,K
alemtuzumab,0,human,K,2.5e-57,183.4,0,106,,,0.00,,0.00,D,I,Q,M,T,Q,S,P,S,S,L,S,A,S,V,G,D,R,V,T,I,T,C,K,A,S,Q,N,I,-,-,-,-,-,-,D,K,Y,L,N,W,Y,Q,Q,K,P,G,K,A,P,K,L,L,I,Y,N,T,-,-,-,-,-,-,-,N,N,L,Q,T,G,V,P,-,S,R,F,S,G,S,G,-,-,S,G,T,D,F,T,F,T,I,S,S,L,Q,P,E,D,I,A,T,Y,Y,C,L,Q,H,I,S,-,-,-,-,R,P,R,T,F,G,Q,G,T,K,V,E,I,K
alirocumab,0,human,K,4.2e-60,192.4,0,112,,,0.00,,0.00,D,I,V,M,T,Q,S,P,D,S,L,A,V,S,L,G,E,R,A,T,I,N,C,K,S,S,Q,S,V,L,Y,R,S,N,N,R,N,F,L,G,W,Y,Q,Q,K,P,G,Q,P,P,N,L,L,I,Y,W,A,-,-,-,-,-,-,-,S,T,R,E,S,G,V,P,-,D,R,F,S,G,S,G,-,-,S,G,T,D,F,T,L,T,I,S,S,L,Q,A,E,D,V,A,V,Y,Y,C,Q,Q,Y,Y,T,-,-,-,-,T,P,Y,T,F,G,Q,G,T,K,L,E,I,K
anifrolumab,0,human,K,3.2e-55,176.6,0,107,,,0.00,,0.00,E,I,V,L,T,Q,S,P,G,T,L,S,L,S,P,G,E,R,A,T,L,S,C,R,A,S,Q,S,V,S,-,-,-,-,-,S,S,F,F,A,W,Y,Q,Q,K,P,G,Q,A,P,R,L,L,I,Y,G,A,-,-,-,-,-,-,-,S,S,R,A,T,G,I,P,-,D,R,L,S,G,S,G,-,-,S,G,T,D,F,T,L,T,I,T,R,L,E,P,E,D,F,A,V,Y,Y,C,Q,Q,Y,D,S,-,-,-,-,S,A,I,T,F,G,Q,G,T,R,L,E,I,K
atezolizumab,0,human,K,6.1e-58,185.4,0,106,,,0.00,,0.00,D,I,Q,M,T,Q,S,P,S,S,L,S,A,S,V,G,D,R,V,T,I,T,C,R,A,S,Q,D,V,-,-,-,-,-,-,S,T,A,V,A,W,Y,Q,Q,K,P,G,K,A,P,K,L,L,I,Y,S,A,-,-,-,-,-,-,-,S,F,L,Y,S,G,V,P,-,S,R,F,S,G,S,G,-,-,S,G,T,D,F,T,L,T,I,S,S,L,Q,P,E,D,F,A,T,Y,Y,C,Q,Q,Y,L,Y,-,-,-,-,H,P,A,T,F,G,Q,G,T,K,V,E,I,K
bapineuzumab,0,human,K,1.3e-55,177.9,0,111,,,0.00,,0.00,D,V,V,M,T,Q,S,P,L,S,L,P,V,T,P,G,E,P,A,S,I,S,C,K,S,S,Q,S,L,L,D,S,-,D,G,K,T,Y,L,N,W,L,L,Q,K,P,G,Q,S,P,Q,R,L,I,Y,L,V,-,-,-,-,-,-,-,S,K,L,D,S,G,V,P,-,D,R,F,S,G,S,G,-,-,S,G,T,D,F,T,L,K,I,S,R,V,E,A,E,D,V,G,V,Y,Y,C,W,Q,G,T,H,-,-,-,-,F,P,R,T,F,G,Q,G,T,K,V,E,I,K
basiliximab,0,mouse,K,1.2e-51,165.2,0,103,,,0.00,,0.00,Q,I,V,S,T,Q,S,P,A,I,M,S,A,S,P,G,E,K,V,T,M,T,C,S,A,S,S,S,R,-,-,-,-,-,-,-,S,Y,M,Q,W,Y,Q,Q,K,P,G,T,S,P,K,R,W,I,Y,D,T,-,-,-,-,-,-,-,S,K,L,A,S,G,V,P,-,A,R,F,S,G,S,G,-,-,S,G,T,S,Y,S,L,T,I,S,S,M,E,A,E,D,A,A,T,Y,Y,C,H,Q,R,S,-,-,-,-,-,-,S,Y,T,F,G,G,G,T,K,L,E,I,K
bavituximab,0,mouse,K,1e-46,149.3,0,106,,,0.00,,0.00,D,I,Q,M,T,Q,S,P,S,S,L,S,A,S,L,G,E,R,V,S,L,T,C,R,A,S,Q,D,I,-,-,-,-,-,-,G,S,S,L,N,W,L,Q,Q,G,P,D,G,T,I,K,R,L,I,Y,A,T,-,-,-,-,-,-,-,S,S,L,D,S,G,V,P,-,K,R,F,S,G,S,R,-,-,S,G,S,D,Y,S,L,T,I,S,S,L,E,S,E,D,F,V,D,Y,Y,C,L,Q,Y,V,S,-,-,-,-,S,P,P,T,F,G,A,G,T,K,L,E,L,K
belimumab,0,human,L,2.7e-50,160.9,0,107,,,0.00,,0.00,S,S,E,L,T,Q,D,P,A,-,V,S,V,A,L,G,Q,T,V,R,V,T,C,Q,G,D,S,L,R,-,-,-,-,-,-,S,Y,Y,A,S,W,Y,Q,Q,K,P,G,Q,A,P,V,L,V,I,Y,G,K,-,-,-,-,-,-,-,N,N,R,P,S,G,I,P,-,D,R,F,S,G,S,S,-,-,S,G,N,T,A,S,L,T,I,T,G,A,Q,A,E,D,E,A,D,Y,Y,C,S,S,R,D,S,S,-,-,G,N,H,W,V,F,G,G,G,T,E,L,T,V,L
benralizumab,0,human,K,1.7e-57,183.9,0,106,,,0.00,,0.00,D,I,Q,M,T,Q,S,P,S,S,L,S,A,S,V,G,D,R,V,T,I,T,C,G,T,S,E,D,I,-,-,-,-,-,-,I,N,Y,L,N,W,Y,Q,Q,K,P,G,K,A,P,K,L,L,I,Y,H,T,-,-,-,-,-,-,-,S,R,L,Q,S,G,V,P,-,S,R,F,S,G,S,G,-,-,S,G,T,D,F,T,L,T,I,S,S,L,Q,P,E,D,F,A,T,Y,Y,C,Q,Q,G,Y,T,-,-,-,-,L,P,Y,T,F,G,Q,G,T,K,V,E,I,K
bevacizumab,0,human,K,3.2e-59,189.5,0,106,,,0.00,,0.00,D,I,Q,M,T,Q,S,P,S,S,L,S,A,S,V,G,D,R,V,T,I,T,C,S,A,S,Q,D,I,-,-,-,-,-,-,S,N,Y,L,N,W,Y,Q,Q,K,P,G,K,A,P,K,V,L,I,Y,F,T,-,-,-,-,-,-,-,S,S,L,H,S,G,V,P,-,S,R,F,S,G,S,G,-,-,S,G,T,D,F,T,L,T,I,S,S,L,Q,P,E,D,F,A,T,Y,Y,C,Q,Q,Y,S,T,-,-,-,-,V,P,W,T,F,G,Q,G,T,K,V,E,I,K
bimagrumab,0,human,L,5.7e-53,169.6,0,110,,,0.00,,0.00,Q,S,A,L,T,Q,P,A,S,-,V,S,G,S,P,G,Q,S,I,T,I,S,C,T,G,T,S,S,D,V,G,-,-,-,S,Y,N,Y,V,N,W,Y,Q,Q,H,P,G,K,A,P,K,L,M,I,Y,G,V,-,-,-,-,-,-,-,S,K,R,P,S,G,V,S,-,N,R,F,S,G,S,K,-,-,S,G,N,T,A,S,L,T,I,S,G,L,Q,A,E,D,E,A,D,Y,Y,C,G,T,F,A,G,G,-,-,S,Y,Y,G,V,F,G,G,G,T,K,L,T,V,L
blosozumab,0,human,K,3.9e-58,186.1,0,106,,,0.00,,0.00,D,I,Q,M,T,Q,S,P,S,S,L,S,A,S,V,G,D,R,V,T,I,T,C,K,A,S,Q,D,V,-,-,-,-,-,-,H,T,A,V,A,W,Y,Q,Q,K,P,G,K,A,P,K,L,L,I,Y,W,A,-,-,-,-,-,-,-,S,T,R,W,T,G,V,P,-,S,R,F,S,G,S,G,-,-,S,G,T,D,F,T,L,T,I,S,S,L,Q,P,E,D,F,A,T,Y,Y,C,Q,Q,Y,S,D,-,-,-,-,Y,P,W,T,F,G,G,G,T,K,V,E,I,K
bococizumab,0,human,K,1.2e-57,184.5,0,106,,,0.00,,0.00,D,I,Q,M,T,Q,S,P,S,S,L,S,A,S,V,G,D,R,V,T,I,T,C,R,A,S,Q,G,I,-,-,-,-,-,-,S,S,A,L,A,W,Y,Q,Q,K,P,G,K,A,P,K,L,L,I,Y,S,A,-,-,-,-,-,-,-,S,Y,R,Y,T,G,V,P,-,S,R,F,S,G,S,G,-,-,S,G,T,D,F,T,F,T,I,S,S,L,Q,P,E,D,I,A,T,Y,Y,C,Q,Q,R,Y,S,-,-,-,-,L,W,R,T,F,G,Q,G,T,K,L,E,I,K
brentuximab,0,mouse,K,3.3e-57,183.2,0,110,,,0.00,,0.00,D,I,V,L,T,Q,S,P,A,S,L,A,V,S,L,G,Q,R,A,T,I,S,C,K,A,S,Q,S,V,D,F,-,-,D,G,D,S,Y,M,N,W,Y,Q,Q,K,P,G,Q,P,P,K,V,L,I,Y,A,A,-,-,-,-,-,-,-,S,N,L,E,S,G,I,P,-,A,R,F,S,G,S,G,-,-,S,G,T,D,F,T,L,N,I,H,P,V,E,E,E,D,A,A,T,Y,Y,C,Q,Q,S,N,E,-,-,-,-,D,P,W,T,F,G,G,G,T,K,L,E,I,K
briakinumab,0,human,L,4.8e-53,169.8,0,110,,,0.00,,0.00,Q,S,V,L,T,Q,P,P,S,-,V,S,G,A,P,G,Q,R,V,T,I,S,C,S,G,S,R,S,N,I,-,-,-,-,G,S,N,T,V,K,W,Y,Q,Q,L,P,G,T,A,P,K,L,L,I,Y,Y,N,-,-,-,-,-,-,-,D,Q,R,P,S,G,V,P,-,D,R,F,S,G,S,K,-,-,S,G,T,S,A,S,L,A,I,T,G,L,Q,A,E,D,E,A,D,Y,Y,C,Q,S,Y,D,R,Y,-,T,H,P,A,L,L,F,G,T,G,T,K,V,T,V,L
brodalumab,0,human,K,2.6e-57,183.4,0,106,,,0.00,,0.00,E,I,V,M,T,Q,S,P,A,T,L,S,V,S,P,G,E,R,A,T,L,S,C,R,A,S,Q,S,V,-,-,-,-,-,-,S,S,N,L,A,W,F,Q,Q,K,P,G,Q,A,P,R,P,L,I,Y,D,A,-,-,-,-,-,-,-,S,T,R,A,T,G,V,P,-,A,R,F,S,G,S,G,-,-,S,G,T,D,F,T,L,T,I,S,S,L,Q,S,E,D,F,A,V,Y,Y,C,Q,Q,Y,D,N,-,-,-,-,W,P,L,T,F,G,G,G,T,K,V,E,I,K
canakinumab,0,human,K,7e-54,172.3,0,106,,,0.00,,0.00,E,I,V,L,T,Q,S,P,D,F,Q,S,V,T,P,K,E,K,V,T,I,T,C,R,A,S,Q,S,I,-,-,-,-,-,-,G,S,S,L,H,W,Y,Q,Q,K,P,D,Q,S,P,K,L,L,I,K,Y,A,-,-,-,-,-,-,-,S,Q,S,F,S,G,V,P,-,S,R,F,S,G,S,G,-,-,S,G,T,D,F,T,L,T,I,N,S,L,E,A,E,D,A,A,A,Y,Y,C,H,Q,S,S,S,-,-,-,-,L,P,F,T,F,G,P,G,T,K,V,D,I,K
carlumab,0,human,K,8.4e-59,188.2,0,108,,,0.00,,0.00,E,I,V,L,T,Q,S,P,A,T,L,S,L,S,P,G,E,R,A,T,L,S,C,R,A,S,Q,S,V,S,-,-,-,-,-,D,A,Y,L,A,W,Y,Q,Q,K,P,G,Q,A,P,R,L,L,I,Y,D,A,-,-,-,-,-,-,-,S,S,R,A,T,G,V,P,-,A,R,F,S,G,S,G,-,-,S,G,T,D,F,T,L,T,I,S,S,L,E,P,E,D,F,A,V,Y,Y,C,H,Q,Y,I,Q,-,-,-,L,H,S,F,T,F,G,Q,G,T,K,V,E,I,K
certolizumab,0,human,K,8e-57,181.8,0,106,,,0.00,,0.00,D,I,Q,M,T,Q,S,P,S,S,L,S,A,S,V,G,D,R,V,T,I,T,C,K,A,S,Q,N,V,-,-,-,-,-,-,G,T,N,V,A,W,Y,Q,Q,K,P,G,K,A,P,K,A,L,I,Y,S,A,-,-,-,-,-,-,-,S,F,L,Y,S,G,V,P,-,Y,R,F,S,G,S,G,-,-,S,G,T,D,F,T,L,T,I,S,S,L,Q,P,E,D,F,A,T,Y,Y,C,Q,Q,Y,N,I,-,-,-,-,Y,P,L,T,F,G,Q,G,T,K,V,E,I,K
cetuximab,0,mouse,K,7.7e-50,159.4,0,106,,,0.00,,0.00,D,I,L,L,T,Q,S,P,V,I,L,S,V,S,P,G,E,R,V,S,F,S,C,R,A,S,Q,S,I,-,-,-,-,-,-,G,T,N,I,H,W,Y,Q,Q,R,T,N,G,S,P,R,L,L,I,K,Y,A,-,-,-,-,-,-,-,S,E,S,I,S,G,I,P,-,S,R,F,S,G,S,G,-,-,S,G,T,D,F,T,L,S,I,N,S,V,E,S,E,D,I,A,D,Y,Y,C,Q,Q,N,N,N,-,-,-,-,W,P,T,T,F,G,A,G,T,K,L,E,L,K
cixutumumab,0,human,L,5e-51,163.3,0,107,,,0.00,,0.00,S,S,E,L,T,Q,D,P,A,-,V,S,V,A,L,G,Q,T,V,R,I,T,C,Q,G,D,S,L,R,-,-,-,-,-,-,S,Y,Y,A,T,W,Y,Q,Q,K,P,G,Q,A,P,I,L,V,I,Y,G,E,-,-,-,-,-,-,-,N,K,R,P,S,G,I,P,-,D,R,F,S,G,S,S,-,-,S,G,N,T,A,S,L,T,I,T,G,A,Q,A,E,D,E,A,D,Y,Y,C,K,S,R,D,G,S,-,-,G,Q,H,L,V,F,G,G,G,T,K,L,T,V,L
clazakizumab,0,human,K,2.4e-57,183.5,0,109,,,0.00,,0.00,A,I,Q,M,T,Q,S,P,S,S,L,S,A,S,V,G,D,R,V,T,I,T,C,Q,A,S,Q,S,I,-,-,-,-,-,-,N,N,E,L,S,W,Y,Q,Q,K,P,G,K,A,P,K,L,L,I,Y,R,A,-,-,-,-,-,-,-,S,T,L,A,S,G,V,P,-,S,R,F,S,G,S,G,-,-,S,G,T,D,F,T,L,T,I,S,S,L,Q,P,D,D,F,A,T,Y,Y,C,Q,Q,G,Y,S,L,-,R,N,I,D,N,A,F,G,G,G,T,K,V,E,I,K
codrituzumab,0,human,K,5.2e-58,185.6,0,111,,,0.00,,0.00,D,V,V,M,T,Q,S,P,L,S,L,P,V,T,P,G,E,P,A,S,I,S,C,R,S,S,Q,S,L,V,H,S,-,N,R,N,T,Y,L,H,W,Y,L,Q,K,P,G,Q,S,P,Q,L,L,I,Y,K,V,-,-,-,-,-,-,-,S,N,R,F,S,G,V,P,-,D,R,F,S,G,S,G,-,-,S,G,T,D,F,T,L,K,I,S,R,V,E,A,E,D,V,G,V,Y,Y,C,S,Q,N,T,H,-,-,-,-,V,P,P,T,F,G,Q,G,T,K,L,E,I,K
crenezumab,0,human,K,7.1e-60,191.7,0,111,,,0.00,,0.00,D,I,V,M,T,Q,S,P,L,S,L,P,V,T,P,G,E,P,A,S,I,S,C,R,S,S,Q,S,L,V,Y,S,-,N,G,D,T,Y,L,H,W,Y,L,Q,K,P,G,Q,S,P,Q,L,L,I,Y,K,V,-,-,-,-,-,-,-,S,N,R,F,S,G,V,P,-,D,R,F,S,G,S,G,-,-,S,G,T,D,F,T,L,K,I,S,R,V,E,A,E,D,V,G,V,Y,Y,C,S,Q,S,T,H,-,-,-,-,V,P,W,T,F,G,Q,G,T,K,V,E,I,K
dacetuzumab,0,human,K,7.4e-62,198.1,0,111,,,0.00,,0.00,D,I,Q,M,T,Q,S,P,S,S,L,S,A,S,V,G,D,R,V,T,I,T,C,R,S,S,Q,S,L,V,H,S,-,N,G,N,T,F,L,H,W,Y,Q,Q,K,P,G,K,A,P,K,L,L,I,Y,T,V,-,-,-,-,-,-,-,S,N,R,F,S,G,V,P,-,S,R,F,S,G,S,G,-,-,S,G,T,D,F,T,L,T,I,S,S,L,Q,P,E,D,F,A,T,Y,F,C,S,Q,T,T,H,-,-,-,-,V,P,W,T,F,G,Q,G,T,K,V,E,I,K
daclizumab,0,human,K,3.2e-55,176.6,0,105,,,0.00,,0.00,D,I,Q,M,T,Q,S,P,S,T,L,S,A,S,V,G,D,R,V,T,I,T,C,S,A,S,S,S,I,-,-,-,-,-,-,-,S,Y,M,H,W,Y,Q,Q,K,P,G,K,A,P,K,L,L,I,Y,T,T,-,-,-,-,-,-,-,S,N,L,A,S,G,V,P,-,A,R,F,S,G,S,G,-,-,S,G,T,E,F,T,L,T,I,S,S,L,Q,P,D,D,F,A,T,Y,Y,C,H,Q,R,S,T,-,-,-,-,Y,P,L,T,F,G,Q,G,T,K,V,E,V,K
dalotuzumab,0,human,K,9.8e-59,188.0,0,111,,,0.00,,0.00,D,I,V,M,T,Q,S,P,L,S,L,P,V,T,P,G,E,P,A,S,I,S,C,R,S,S,Q,S,I,V,H,S,-,N,G,N,T,Y,L,Q,W,Y,L,Q,K,P,G,Q,S,P,Q,L,L,I,Y,K,V,-,-,-,-,-,-,-,S,N,R,L,Y,G,V,P,-,D,R,F,S,G,S,G,-,-,S,G,T,D,F,T,L,K,I,S,R,V,E,A,E,D,V,G,V,Y,Y,C,F,Q,G,S,H,-,-,-,-,V,P,W,T,F,G,Q,G,T,K,V,E,I,K
daratumumab,0,human,K,5.1e-58,185.7,0,106,,,0.00,,0.00,E,I,V,L,T,Q,S,P,A,T,L,S,L,S,P,G,E,R,A,T,L,S,C,R,A,S,Q,S,V,-,-,-,-,-,-,S,S,Y,L,A,W,Y,Q,Q,K,P,G,Q,A,P,R,L,L,I,Y,D,A,-,-,-,-,-,-,-,S,N,R,A,T,G,I,P,-,A,R,F,S,G,S,G,-,-,S,G,T,D,F,T,L,T,I,S,S,L,E,P,E,D,F,A,V,Y,Y,C,Q,Q,R,S,N,-,-,-,-,W,P,P,T,F,G,Q,G,T,K,V,E,I,K
denosumab,0,human,K,9.6e-56,178.3,0,107,,,0.00,,0.00,E,I,V,L,T,Q,S,P,G,T,L,S,L,S,P,G,E,R,A,T,L,S,C,R,A,S,Q,S,V,R,-,-,-,-,-,G,R,Y,L,A,W,Y,Q,Q,K,P,G,Q,A,P,R,L,L,I,Y,G,A,-,-,-,-,-,-,-,S,S,R,A,T,G,I,P,-,D,R,F,S,G,S,G,-,-,S,G,T,D,F,T,L,T,I,S,R,L,E,P,E,D,F,A,V,F,Y,C,Q,Q,Y,G,S,-,-,-,-,S,P,R,T,F,G,Q,G,T,K,V,E,I,K
dinutuximab,0,human,K,9.7e-57,181.5,0,112,,,0.00,,0.00,E,I,V,M,T,Q,S,P,A,T,L,S,V,S,P,G,E,R,A,T,L,S,C,R,S,S,Q,S,L,V,H,R,-,N,G,N,T,Y,L,H,W,Y,L,Q,K,P,G,Q,S,P,K,L,L,I,H,K,V,-,-,-,-,-,-,-,S,N,R,F,S,G,V,P,-,D,R,F,S,G,S,G,-,-,S,G,T,D,F,T,L,K,I,S,R,V,E,A,E,D,L,G,V,Y,F,C,S,Q,S,T,H,-,-,-,V,P,P,L,T,F,G,A,G,T,K,L,E,L,K
drozitumab,0,human,L,7.6e-52,165.9,0,106,,,0.00,,0.00,-,S,E,L,T,Q,D,P,A,-,V,S,V,A,L,G,Q,T,V,R,I,T,C,S,G,D,S,L,R,-,-,-,-,-,-,S,Y,Y,A,S,W,Y,Q,Q,K,P,G,Q,A,P,V,L,V,I,Y,G,A,-,-,-,-,-,-,-,N,N,R,P,S,G,I,P,-,D,R,F,S,G,S,S,-,-,S,G,N,T,A,S,L,T,I,T,G,A,Q,A,E,D,E,A,D,Y,Y,C,N,S,A,D,S,S,-,-,G,N,H,V,V,F,G,G,G,T,K,L,T,V,L
duligotuzumab,0,human,K,2.6e-58,186.6,0,106,,,0.00,,0.00,D,I,Q,M,T,Q,S,P,S,S,L,S,A,S,V,G,D,R,V,T,I,T,C,R,A,S,Q,N,I,-,-,-,-,-,-,A,T,D,V,A,W,Y,Q,Q,K,P,G,K,A,P,K,L,L,I,Y,S,A,-,-,-,-,-,-,-,S,F,L,Y,S,G,V,P,-,S,R,F,S,G,S,G,-,-,S,G,T,D,F,T,L,T,I,S,S,L,Q,P,E,D,F,A,T,Y,Y,C,Q,Q,S,E,P,-,-,-,-,E,P,Y,T,F,G,Q,G,T,K,V,E,I,K
dupilumab,0,human,K,1.9e-56,180.6,0,111,,,0.00,,0.00,D,I,V,M,T,Q,S,P,L,S,L,P,V,T,P,G,E,P,A,S,I,S,C,R,S,S,Q,S,L,L,Y,S,-,I,G,Y,N,Y,L,D,W,Y,L,Q,K,S,G,Q,S,P,Q,L,L,I,Y,L,G,-,-,-,-,-,-,-,S,N,R,A,S,G,V,P,-,D,R,F,S,G,S,G,-,-,S,G,T,D,F,T,L,K,I,S,R,V,E,A,E,D,V,G,F,Y,Y,C,M,Q,A,L,Q,-,-,-,-,T,P,Y,T,F,G,Q,G,T,K,L,E,I,K
eculizumab,0,human,K,1.1e-54,174.9,0,106,,,0.00,,0.00,D,I,Q,M,T,Q,S,P,S,S,L,S,A,S,V,G,D,R,V,T,I,T,C,G,A,S,E,N,I,-,-,-,-,-,-,Y,G,A,L,N,W,Y,Q,Q,K,P,G,K,A,P,K,L,L,I,Y,G,A,-,-,-,-,-,-,-,T,N,L,A,D,G,V,P,-,S,R,F,S,G,S,G,-,-,S,G,T,D,F,T,L,T,I,S,S,L,Q,P,E,D,F,A,T,Y,Y,C,Q,N,V,L,N,-,-,-,-,T,P,L,T,F,G,Q,G,T,K,V,E,I,K
efalizumab,0,human,K,4.1e-59,189.2,0,106,,,0.00,,0.00,D,I,Q,M,T,Q,S,P,S,S,L,S,A,S,V,G,D,R,V,T,I,T,C,R,A,S,K,T,I,-,-,-,-,-,-,S,K,Y,L,A,W,Y,Q,Q,K,P,G,K,A,P,K,L,L,I,Y,S,G,-,-,-,-,-,-,-,S,T,L,Q,S,G,V,P,-,S,R,F,S,G,S,G,-,-,S,G,T,D,F,T,L,T,I,S,S,L,Q,P,E,D,F,A,T,Y,Y,C,Q,Q,H,N,E,-,-,-,-,Y,P,L,T,F,G,Q,G,T,K,V,E,I,K
eldelumab,0,human,K,5.4e-58,185.6,0,108,,,0.00,,0.00,E,I,V,L,T,Q,S,P,G,T,L,S,L,S,P,G,E,R,A,T,L,S,C,R,A,S,Q,S,V,S,-,-,-,-,-,S,S,Y,L,A,W,Y,Q,Q,K,P,G,Q,A,P,R,L,L,I,Y,G,A,-,-,-,-,-,-,-,S,S,R,A,T,G,I,P,-,D,R,F,S,G,S,G,-,-,S,G,T,D,F,T,L,T,I,S,R,L,E,P,E,D,F,A,V,Y,Y,C,Q,Q,Y,G,S,-,-,-,S,P,I,F,T,F,G,P,G,T,K,V,D,I,K
elotuzumab,0,human,K,1.4e-57,184.3,0,106,,,0.00,,0.00,D,I,Q,M,T,Q,S,P,S,S,L,S,A,S,V,G,D,R,V,T,I,T,C,K,A,S,Q,D,V,-,-,-,-,-,-,G,I,A,V,A,W,Y,Q,Q,K,P,G,K,V,P,K,L,L,I,Y,W,A,-,-,-,-,-,-,-,S,T,R,H,T,G,V,P,-,D,R,F,S,G,S,G,-,-,S,G,T,D,F,T,L,T,I,S,S,L,Q,P,E,D,V,A,T,Y,Y,C,Q,Q,Y,S,S,-,-,-,-,Y,P,Y,T,F,G,Q,G,T,K,V,E,I,K
emibetuzumab,0,human,K,1.2e-55,178.0,0,107,,,0.00,,0.00,D,I,Q,M,T,Q,S,P,S,S,L,S,A,S,V,G,D,R,V,T,I,T,C,S,V,S,S,S,V,S,-,-,-,-,-,S,I,Y,L,H,W,Y,Q,Q,K,P,G,K,A,P,K,L,L,I,Y,S,T,-,-,-,-,-,-,-,S,N,L,A,S,G,V,P,-,S,R,F,S,G,S,G,-,-,S,G,T,D,F,T,L,T,I,S,S,L,Q,P,E,D,F,A,T,Y,Y,C,Q,V,Y,S,G,-,-,-,-,Y,P,L,T,F,G,G,G,T,K,V,E,I,K
enokizumab,0,human,K,1.8e-55,177.4,0,106,,,0.00,,0.00,D,I,Q,M,T,Q,S,P,S,S,L,S,A,S,V,G,D,R,V,T,I,T,C,K,A,S,Q,H,V,-,-,-,-,-,-,I,T,H,V,T,W,Y,Q,Q,K,P,G,K,A,P,K,L,L,I,Y,G,T,-,-,-,-,-,-,-,S,Y,S,Y,S,G,V,P,-,S,R,F,S,G,S,G,-,-,S,G,T,D,F,T,L,T,I,S,S,L,Q,P,E,D,F,A,T,Y,Y,C,Q,Q,F,Y,E,-,-,-,-,Y,P,L,T,F,G,G,G,T,K,V,E,I,K
epratuzumab,0,human,K,8.2e-61,194.7,0,111,,,0.00,,0.00,D,I,Q,L,T,Q,S,P,S,S,L,S,A,S,V,G,D,R,V,T,M,S,C,K,S,S,Q,S,V,L,Y,S,A,N,H,K,N,Y,L,A,W,Y,Q,Q,K,P,G,K,A,P,K,L,L,I,Y,W,A,-,-,-,-,-,-,-,S,T,R,E,S,G,V,P,-,S,R,F,S,G,S,G,-,-,S,G,T,D,F,T,F,T,I,S,S,L,Q,P,E,D,I,A,T,Y,Y,C,H,Q,Y,L,-,-,-,-,-,S,S,W,T,F,G,G,G,T,K,L,E,I,K
etrolizumab,0,human,K,1.1e-56,181.4,0,106,,,0.00,,0.00,D,I,Q,M,T,Q,S,P,S,S,L,S,A,S,V,G,D,R,V,T,I,T,C,R,A,S,E,S,V,-,-,-,-,-,-,D,D,L,L,H,W,Y,Q,Q,K,P,G,K,A,P,K,L,L,I,K,Y,A,-,-,-,-,-,-,-,S,Q,S,I,S,G,V,P,-,S,R,F,S,G,S,G,-,-,S,G,T,D,F,T,L,T,I,S,S,L,Q,P,E,D,F,A,T,Y,Y,C,Q,Q,G,N,S,-,-,-,-,L,P,N,T,F,G,Q,G,T,K,V,E,I,K
evolocumab,0,human,L,1.8e-53,171.2,0,108,,,0.00,,0.00,E,S,A,L,T,Q,P,A,S,-,V,S,G,S,P,G,Q,S,I,T,I,S,C,T,G,T,S,S,D,V,G,-,-,-,G,Y,N,S,V,S,W,Y,Q,Q,H,P,G,K,A,P,K,L,M,I,Y,E,V,-,-,-,-,-,-,-,S,N,R,P,S,G,V,S,-,N,R,F,S,G,S,K,-,-,S,G,N,T,A,S,L,T,I,S,G,L,Q,A,E,D,E,A,D,Y,Y,C,N,S,Y,T,S,-,-,-,-,T,S,M,V,F,G,G,G,T,K,L,T,V,L
farletuzumab,0,mouse,K,2.2e-54,174.1,0,109,,,0.00,,0.00,D,I,Q,L,T,Q,S,P,S,S,L,S,A,S,V,G,D,R,V,T,I,T,C,S,V,S,S,S,I,S,-,-,-,-,-,S,N,N,L,H,W,Y,Q,Q,K,P,G,K,A,P,K,P,W,I,Y,G,T,-,-,-,-,-,-,-,S,N,L,A,S,G,V,P,-,S,R,F,S,G,S,G,-,-,S,G,T,D,Y,T,F,T,I,S,S,L,Q,P,E,D,I,A,T,Y,Y,C,Q,Q,W,S,S,Y,-,-,P,Y,M,Y,T,F,G,Q,G,T,K,V,E,I,K
fasinumab,0,human,K,1.8e-57,183.9,0,106,,,0.00,,0.00,D,I,Q,M,T,Q,S,P,S,S,L,S,A,S,A,G,D,R,V,T,I,T,C,R,A,S,Q,A,I,-,-,-,-,-,-,R,N,D,L,G,W,Y,Q,Q,K,P,G,K,A,P,K,R,L,I,Y,A,A,-,-,-,-,-,-,-,F,N,L,Q,S,G,V,P,-,S,R,F,S,G,S,G,-,-,S,G,T,E,F,T,L,T,I,S,S,L,Q,P,E,D,L,A,S,Y,Y,C,Q,Q,Y,N,R,-,-,-,-,Y,P,W,T,F,G,Q,G,T,K,V,E,I,K
fezakinumab,0,human,L,5.7e-54,172.8,0,110,,,0.00,,0.00,Q,A,V,L,T,Q,P,P,S,-,V,S,G,A,P,G,Q,R,V,T,I,S,C,T,G,S,S,S,N,I,G,-,-,-,A,G,Y,G,V,H,W,Y,Q,Q,L,P,G,T,A,P,K,L,L,I,Y,G,D,-,-,-,-,-,-,-,S,N,R,P,S,G,V,P,-,D,R,F,S,G,S,K,-,-,S,G,T,S,A,S,L,A,I,T,G,L,Q,A,E,D,E,A,D,Y,Y,C,Q,S,Y,D,N,S,-,-,L,S,G,Y,V,F,G,G,G,T,Q,L,T,V,L
ficlatuzumab,0,mouse,K,6.2e-54,172.6,0,106,,,0.00,,0.00,D,I,V,M,T,Q,S,P,D,S,L,A,M,S,L,G,E,R,V,T,L,N,C,K,A,S,E,N,V,-,-,-,-,-,-,V,S,Y,V,S,W,Y,Q,Q,K,P,G,Q,S,P,K,L,L,I,Y,G,A,-,-,-,-,-,-,-,S,N,R,E,S,G,V,P,-,D,R,F,S,G,S,G,-,-,S,A,T,D,F,T,L,T,I,S,S,V,Q,A,E,D,V,A,D,Y,H,C,G,Q,S,Y,N,-,-,-,-,Y,P,Y,T,F,G,Q,G,T,K,L,E,I,K
figitumumab,0,human,K,2.7e-55,176.9,0,106,,,0.00,,0.00,D,I,Q,M,T,Q,F,P,S,S,L,S,A,S,V,G,D,R,V,T,I,T,C,R,A,S,Q,G,I,-,-,-,-,-,-,R,N,D,L,G,W,Y,Q,Q,K,P,G,K,A,P,K,R,L,I,Y,A,A,-,-,-,-,-,-,-,S,R,L,H,R,G,V,P,-,S,R,F,S,G,S,G,-,-,S,G,T,E,F,T,L,T,I,S,S,L,Q,P,E,D,F,A,T,Y,Y,C,L,Q,H,N,S,-,-,-,-,Y,P,C,S,F,G,Q,G,T,K,L,E,I,K
fletikumab,0,human,K,1.3e-58,187.6,0,106,,,0.00,,0.00,A,I,Q,L,T,Q,S,P,S,S,L,S,A,S,V,G,D,R,V,T,I,T,C,R,A,S,Q,G,I,-,-,-,-,-,-,S,S,A,L,A,W,Y,Q,Q,K,P,G,K,A,P,K,L,L,I,Y,D,A,-,-,-,-,-,-,-,S,S,L,E,S,G,V,P,-,S,R,F,S,G,S,G,-,-,S,G,T,D,F,T,L,T,I,S,S,L,Q,P,E,D,F,A,T,Y,Y,C,Q,Q,F,N,S,-,-,-,-,Y,P,L,T,F,G,G,G,T,K,V,E,I,K
foralumab,0,human,K,2.9e-58,186.5,0,107,,,0.00,,0.00,E,I,V,L,T,Q,S,P,A,T,L,S,L,S,P,G,E,R,A,T,L,S,C,R,A,S,Q,S,V,-,-,-,-,-,-,S,S,Y,L,A,W,Y,Q,Q,K,P,G,Q,A,P,R,L,L,I,Y,D,A,-,-,-,-,-,-,-,S,N,R,A,T,G,I,P,-,A,R,F,S,G,S,G,-,-,S,G,T,D,F,T,L,T,I,S,S,L,E,P,E,D,F,A,V,Y,Y,C,Q,Q,R,S,N,-,-,-,W,P,P,L,T,F,G,G,G,T,K,V,E,I,K
fresolimumab,0,human,K,4.5e-57,182.6,0,107,,,0.00,,0.00,E,T,V,L,T,Q,S,P,G,T,L,S,L,S,P,G,E,R,A,T,L,S,C,R,A,S,Q,S,L,G,-,-,-,-,-,S,S,Y,L,A,W,Y,Q,Q,K,P,G,Q,A,P,R,L,L,I,Y,G,A,-,-,-,-,-,-,-,S,S,R,A,P,G,I,P,-,D,R,F,S,G,S,G,-,-,S,G,T,D,F,T,L,T,I,S,R,L,E,P,E,D,F,A,V,Y,Y,C,Q,Q,Y,A,D,-,-,-,-,S,P,I,T,F,G,Q,G,T,R,L,E,I,K
fulranumab,0,human,K,1.3e-58,187.6,0,106,,,0.00,,0.00,A,I,Q,L,T,Q,S,P,S,S,L,S,A,S,V,G,D,R,V,T,I,T,C,R,A,S,Q,G,I,-,-,-,-,-,-,S,S,A,L,A,W,Y,Q,Q,K,P,G,K,A,P,K,L,L,I,Y,D,A,-,-,-,-,-,-,-,S,S,L,E,S,G,V,P,-,S,R,F,S,G,S,G,-,-,S,G,T,D,F,T,L,T,I,S,S,L,Q,P,E,D,F,A,T,Y,Y,C,Q,Q,F,N,S,-,-,-,-,Y,P,L,T,F,G,G,G,T,K,V,E,I,K
galiximab,0,human,L,5.9e-51,163.0,0,109,,,0.00,,0.00,E,S,A,L,T,Q,P,P,S,-,V,S,G,A,P,G,Q,K,V,T,I,S,C,T,G,S,T,S,N,I,-,-,-,-,G,G,Y,D,L,H,W,Y,Q,Q,L,P,G,T,A,P,K,L,L,I,Y,D,I,-,-,-,-,-,-,-,N,K,R,P,S,G,I,S,-,D,R,F,S,G,S,K,-,-,S,G,T,A,A,S,L,A,I,T,G,L,Q,T,E,D,E,A,D,Y,Y,C,Q,S,Y,D,S,S,-,-,L,N,A,Q,V,F,G,G,G,T,R,L,T,V,L
ganitumab,0,human,K,1.5e-58,187.4,0,111,,,0.00,,0.00,D,V,V,M,T,Q,S,P,L,S,L,P,V,T,P,G,E,P,A,S,I,S,C,R,S,S,Q,S,L,L,H,S,-,N,G,Y,N,Y,L,D,W,Y,L,Q,K,P,G,Q,S,P,Q,L,L,I,Y,L,G,-,-,-,-,-,-,-,S,N,R,A,S,G,V,P,-,D,R,F,S,G,S,G,-,-,S,G,T,D,F,T,L,K,I,S,R,V,E,A,E,D,V,G,V,Y,Y,C,M,Q,G,T,H,-,-,-,-,W,P,L,T,F,G,Q,G,T,K,V,E,I,K
gantenerumab,0,human,K,3.9e-58,186.1,0,107,,,0.00,,0.00,D,I,V,L,T,Q,S,P,A,T,L,S,L,S,P,G,E,R,A,T,L,S,C,R,A,S,Q,S,V,S,-,-,-,-,-,S,S,Y,L,A,W,Y,Q,Q,K,P,G,Q,A,P,R,L,L,I,Y,G,A,-,-,-,-,-,-,-,S,S,R,A,T,G,V,P,-,A,R,F,S,G,S,G,-,-,S,G,T,D,F,T,L,T,I,S,S,L,E,P,E,D,F,A,T,Y,Y,C,L,Q,I,Y,N,-,-,-,-,M,P,I,T,F,G,Q,G,T,K,V,E,I,K
gemtuzumab,0,human,K,5.4e-55,175.9,0,110,,,0.00,,0.00,D,I,Q,L,T,Q,S,P,S,T,L,S,A,S,V,G,D,R,V,T,I,T,C,R,A,S,E,S,L,D,N,-,-,Y,G,I,R,F,L,T,W,F,Q,Q,K,P,G,K,A,P,K,L,L,M,Y,A,A,-,-,-,-,-,-,-,S,N,Q,G,S,G,V,P,-,S,R,F,S,G,S,G,-,-,S,G,T,E,F,T,L,T,I,S,S,L,Q,P,D,D,F,A,T,Y,Y,C,Q,Q,T,K,E,-,-,-,-,V,P,W,S,F,G,Q,G,T,K,V,E,V,K
gevokizumab,0,human,K,2e-55,177.3,0,106,,,0.00,,0.00,D,I,Q,M,T,Q,S,T,S,S,L,S,A,S,V,G,D,R,V,T,I,T,C,R,A,S,Q,D,I,-,-,-,-,-,-,S,N,Y,L,S,W,Y,Q,Q,K,P,G,K,A,V,K,L,L,I,Y,Y,T,-,-,-,-,-,-,-,S,K,L,H,S,G,V,P,-,S,R,F,S,G,S,G,-,-,S,G,T,D,Y,T,L,T,I,S,S,L,Q,Q,E,D,F,A,T,Y,F,C,L,Q,G,K,M,-,-,-,-,L,P,W,T,F,G,Q,G,T,K,L,E,I,K
girentuximab,0,mouse,K,1.5e-54,174.6,0,106,,,0.00,,0.00,D,I,V,M,T,Q,S,Q,R,F,M,S,T,T,V,G,D,R,V,S,I,T,C,K,A,S,Q,N,V,-,-,-,-,-,-,V,S,A,V,A,W,Y,Q,Q,K,P,G,Q,S,P,K,L,L,I,Y,S,A,-,-,-,-,-,-,-,S,N,R,Y,T,G,V,P,-,D,R,F,T,G,S,G,-,-,S,G,T,D,F,T,L,T,I,S,N,M,Q,S,E,D,L,A,D,F,F,C,Q,Q,Y,S,N,-,-,-,-,Y,P,W,T,F,G,G,G,T,K,L,E,I,K
glembatumumab,0,human,K,2e-58,187.0,0,107,,,0.00,,0.00,E,I,V,M,T,Q,S,P,A,T,L,S,V,S,P,G,E,R,A,T,L,S,C,R,A,S,Q,S,V,-,-,-,-,-,-,D,N,N,L,V,W,Y,Q,Q,K,P,G,Q,A,P,R,L,L,I,Y,G,A,-,-,-,-,-,-,-,S,T,R,A,T,G,I,P,-,A,R,F,S,G,S,G,-,-,S,G,T,E,F,T,L,T,I,S,S,L,Q,S,E,D,F,A,V,Y,Y,C,Q,Q,Y,N,N,-,-,-,W,P,P,W,T,F,G,Q,G,T,K,V,E,I,K
golimumab,0,human,K,4e-58,186.0,0,107,,,0.00,,0.00,E,I,V,L,T,Q,S,P,A,T,L,S,L,S,P,G,E,R,A,T,L,S,C,R,A,S,Q,S,V,-,-,-,-,-,-,Y,S,Y,L,A,W,Y,Q,Q,K,P,G,Q,A,P,R,L,L,I,Y,D,A,-,-,-,-,-,-,-,S,N,R,A,T,G,I,P,-,A,R,F,S,G,S,G,-,-,S,G,T,D,F,T,L,T,I,S,S,L,E,P,E,D,F,A,V,Y,Y,C,Q,Q,R,S,N,-,-,-,W,P,P,F,T,F,G,P,G,T,K,V,D,I,K
guselkumab,0,human,L,1.7e-54,174.4,0,110,,,0.00,,0.00,Q,S,V,L,T,Q,P,P,S,-,V,S,G,A,P,G,Q,R,V,T,I,S,C,T,G,S,S,S,N,I,G,-,-,-,S,G,Y,D,V,H,W,Y,Q,Q,L,P,G,T,A,P,K,L,L,I,Y,G,N,-,-,-,-,-,-,-,S,K,R,P,S,G,V,P,-,D,R,F,S,G,S,K,-,-,S,G,T,S,A,S,L,A,I,T,G,L,Q,S,E,D,E,A,D,Y,Y,C,A,S,W,T,D,G,-,-,L,S,L,V,V,F,G,G,G,T,K,L,T,V,L
ibalizumab,0,human,K,4e-60,192.5,0,111,,,0.00,,0.00,D,I,V,M,T,Q,S,P,D,S,L,A,V,S,L,G,E,R,V,T,M,N,C,K,S,S,Q,S,L,L,Y,S,T,N,Q,K,N,Y,L,A,W,Y,Q,Q,K,P,G,Q,S,P,K,L,L,I,Y,W,A,-,-,-,-,-,-,-,S,T,R,E,S,G,V,P,-,D,R,F,S,G,S,G,-,-,S,G,T,D,F,T,L,T,I,S,S,V,Q,A,E,D,V,A,V,Y,Y,C,Q,Q,Y,Y,-,-,-,-,-,S,Y,R,T,F,G,G,G,T,K,L,E,I,K
imgatuzumab,0,human,K,6.1e-58,185.4,0,105,,,0.00,,0.00,D,I,Q,M,T,Q,S,P,S,S,L,S,A,S,V,G,D,R,V,T,I,T,C,R,A,S,Q,G,I,-,-,-,-,-,-,N,N,Y,L,N,W,Y,Q,Q,K,P,G,K,A,P,K,R,L,I,Y,N,T,-,-,-,-,-,-,-,N,N,L,Q,T,G,V,P,-,S,R,F,S,G,S,G,-,-,S,G,T,E,F,T,L,T,I,S,S,L,Q,P,E,D,F,A,T,Y,Y,C,L,Q,H,N,-,-,-,-,-,S,F,P,T,F,G,Q,G,T,K,L,E,I,K
infliximab,0,mouse,K,1.4e-48,155.3,0,106,,,0.00,,0.00,D,I,L,L,T,Q,S,P,A,I,L,S,V,S,P,G,E,R,V,S,F,S,C,R,A,S,Q,F,V,-,-,-,-,-,-,G,S,S,I,H,W,Y,Q,Q,R,T,N,G,S,P,R,L,L,I,K,Y,A,-,-,-,-,-,-,-,S,E,S,M,S,G,I,P,-,S,R,F,S,G,S,G,-,-,S,G,T,D,F,T,L,S,I,N,T,V,E,S,E,D,I,A,D,Y,Y,C,Q,Q,S,H,S,-,-,-,-,W,P,F,T,F,G,S,G,T,N,L,E,V,K
inotuzumab,0,human,K,2.2e-57,183.6,0,111,,,0.00,,0.00,D,V,Q,V,T,Q,S,P,S,S,L,S,A,S,V,G,D,R,V,T,I,T,C,R,S,S,Q,S,L,A,N,S,-,Y,G,N,T,F,L,S,W,Y,L,H,K,P,G,K,A,P,Q,L,L,I,Y,G,I,-,-,-,-,-,-,-,S,N,R,F,S,G,V,P,-,D,R,F,S,G,S,G,-,-,S,G,T,D,F,T,L,T,I,S,S,L,Q,P,E,D,F,A,T,Y,Y,C,L,Q,G,T,H,-,-,-,-,Q,P,Y,T,F,G,Q,G,T,K,V,E,I,K
ipilimumab,0,human,K,1.3e-57,184.4,0,107,,,0.00,,0.00,E,I,V,L,T,Q,S,P,G,T,L,S,L,S,P,G,E,R,A,T,L,S,C,R,A,S,Q,S,V,G,-,-,-,-,-,S,S,Y,L,A,W,Y,Q,Q,K,P,G,Q,A,P,R,L,L,I,Y,G,A,-,-,-,-,-,-,-,F,S,R,A,T,G,I,P,-,D,R,F,S,G,S,G,-,-,S,G,T,D,F,T,L,T,I,S,R,L,E,P,E,D,F,A,V,Y,Y,C,Q,Q,Y,G,S,-,-,-,-,S,P,W,T,F,G,Q,G,T,K,V,E,I,K
ixekizumab,0,human,K,4.4e-57,182.6,0,111,,,0.00,,0.00,D,I,V,M,T,Q,T,P,L,S,L,S,V,T,P,G,Q,P,A,S,I,S,C,R,S,S,R,S,L,V,H,S,-,R,G,N,T,Y,L,H,W,Y,L,Q,K,P,G,Q,S,P,Q,L,L,I,Y,K,V,-,-,-,-,-,-,-,S,N,R,F,I,G,V,P,-,D,R,F,S,G,S,G,-,-,S,G,T,D,F,T,L,K,I,S,R,V,E,A,E,D,V,G,V,Y,Y,C,S,Q,S,T,H,-,-,-,-,L,P,F,T,F,G,Q,G,T,K,L,E,I,K
lampalizumab,0,human,K,3.5e-52,166.8,0,106,,,0.00,,0.00,D,I,Q,V,T,Q,S,P,S,S,L,S,A,S,V,G,D,R,V,T,I,T,C,I,T,S,T,D,I,-,-,-,-,-,-,D,D,D,M,N,W,Y,Q,Q,K,P,G,K,V,P,K,L,L,I,S,G,G,-,-,-,-,-,-,-,N,T,L,R,P,G,V,P,-,S,R,F,S,G,S,G,-,-,S,G,T,D,F,T,L,T,I,S,S,L,Q,P,E,D,V,A,T,Y,Y,C,L,Q,S,D,S,-,-,-,-,L,P,Y,T,F,G,Q,G,T,K,V,E,I,K
lebrikizumab,0,human,K,7.9e-58,185.1,0,110,,,0.00,,0.00,D,I,V,M,T,Q,S,P,D,S,L,S,V,S,L,G,E,R,A,T,I,N,C,R,A,S,K,S,V,D,S,-,-,Y,G,N,S,F,M,H,W,Y,Q,Q,K,P,G,Q,P,P,K,L,L,I,Y,L,A,-,-,-,-,-,-,-,S,N,L,E,S,G,V,P,-,D,R,F,S,G,S,G,-,-,S,G,T,D,F,T,L,T,I,S,S,L,Q,A,E,D,V,A,V,Y,Y,C,Q,Q,N,N,E,-,-,-,-,D,P,R,T,F,G,G,G,T,K,V,E,I,K
lenzilumab,0,human,K,1.6e-54,174.4,0,106,,,0.00,,0.00,E,I,V,L,T,Q,S,P,A,T,L,S,V,S,P,G,E,R,A,T,L,S,C,R,A,S,Q,S,V,-,-,-,-,-,-,G,T,N,V,A,W,Y,Q,Q,K,P,G,Q,A,P,R,V,L,I,Y,S,T,-,-,-,-,-,-,-,S,S,R,A,T,G,I,T,-,D,R,F,S,G,S,G,-,-,S,G,T,D,F,T,L,T,I,S,R,L,E,P,E,D,F,A,V,Y,Y,C,Q,Q,F,N,K,-,-,-,-,S,P,L,T,F,G,G,G,T,K,V,E,I,K
lintuzumab,0,human,K,1.1e-58,187.9,0,110,,,0.00,,0.00,D,I,Q,M,T,Q,S,P,S,S,L,S,A,S,V,G,D,R,V,T,I,T,C,R,A,S,E,S,V,D,N,-,-,Y,G,I,S,F,M,N,W,F,Q,Q,K,P,G,K,A,P,K,L,L,I,Y,A,A,-,-,-,-,-,-,-,S,N,Q,G,S,G,V,P,-,S,R,F,S,G,S,G,-,-,S,G,T,D,F,T,L,T,I,S,S,L,Q,P,D,D,F,A,T,Y,Y,C,Q,Q,S,K,E,-,-,-,-,V,P,W,T,F,G,Q,G,T,K,V,E,I,K
lirilumab,0,human,K,1e-58,187.9,0,106,,,0.00,,0.00,E,I,V,L,T,Q,S,P,V,T,L,S,L,S,P,G,E,R,A,T,L,S,C,R,A,S,Q,S,V,-,-,-,-,-,-,S,S,Y,L,A,W,Y,Q,Q,K,P,G,Q,A,P,R,L,L,I,Y,D,A,-,-,-,-,-,-,-,S,N,R,A,T,G,I,P,-,A,R,F,S,G,S,G,-,-,S,G,T,D,F,T,L,T,I,S,S,L,E,P,E,D,F,A,V,Y,Y,C,Q,Q,R,S,N,-,-,-,-,W,M,Y,T,F,G,Q,G,T,K,L,E,I,K
lumiliximab,0,human,K,1.1e-57,184.7,0,106,,,0.00,,0.00,D,I,Q,M,T,Q,S,P,S,S,L,S,A,S,V,G,D,R,V,T,I,T,C,R,A,S,Q,D,I,-,-,-,-,-,-,R,Y,Y,L,N,W,Y,Q,Q,K,P,G,K,A,P,K,L,L,I,Y,V,A,-,-,-,-,-,-,-,S,S,L,Q,S,G,V,P,-,S,R,F,S,G,S,G,-,-,S,G,T,E,F,T,L,T,V,S,S,L,Q,P,E,D,F,A,T,Y,Y,C,L,Q,V,Y,S,-,-,-,-,T,P,R,T,F,G,Q,G,T,K,V,E,I,K
matuzumab,0,human,K,2.6e-55,176.9,0,105,,,0.00,,0.00,D,I,Q,M,T,Q,S,P,S,S,L,S,A,S,V,G,D,R,V,T,I,T,C,S,A,S,S,S,V,-,-,-,-,-,-,-,T,Y,M,Y,W,Y,Q,Q,K,P,G,K,A,P,K,L,L,I,Y,D,T,-,-,-,-,-,-,-,S,N,L,A,S,G,V,P,-,S,R,F,S,G,S,G,-,-,S,G,T,D,Y,T,F,T,I,S,S,L,Q,P,E,D,I,A,T,Y,Y,C,Q,Q,W,S,S,-,-,-,-,H,I,F,T,F,G,Q,G,T,K,V,E,I,K
mavrilimumab,0,human,L,8.5e-53,169.0,0,110,,,0.00,,0.00,Q,S,V,L,T,Q,P,P,S,-,V,S,G,A,P,G,Q,R,V,T,I,S,C,T,G,S,G,S,N,I,G,-,-,-,A,P,Y,D,V,S,W,Y,Q,Q,L,P,G,T,A,P,K,L,L,I,Y,H,N,-,-,-,-,-,-,-,N,K,R,P,S,G,V,P,-,D,R,F,S,G,S,K,-,-,S,G,T,S,A,S,L,A,I,T,G,L,Q,A,E,D,E,A,D,Y,Y,C,A,T,V,E,A,G,-,-,L,S,G,S,V,F,G,G,G,T,K,L,T,V,L
mepolizumab,0,human,K,1.3e-59,190.8,0,112,,,0.00,,0.00,D,I,V,M,T,Q,S,P,D,S,L,A,V,S,L,G,E,R,A,T,I,N,C,K,S,S,Q,S,L,L,N,S,G,N,Q,K,N,Y,L,A,W,Y,Q,Q,K,P,G,Q,P,P,K,L,L,I,Y,G,A,-,-,-,-,-,-,-,S,T,R,E,S,G,V,P,-,D,R,F,S,G,S,G,-,-,S,G,T,D,F,T,L,T,I,S,S,L,Q,A,E,D,V,A,V,Y,Y,C,Q,N,V,H,S,-,-,-,-,F,P,F,T,F,G,G,G,T,K,L,E,I,K
mogamulizumab,0,human,K,5.7e-57,182.3,0,111,,,0.00,,0.00,D,V,L,M,T,Q,S,P,L,S,L,P,V,T,P,G,E,P,A,S,I,S,C,R,S,S,R,N,I,V,H,I,-,N,G,D,T,Y,L,E,W,Y,L,Q,K,P,G,Q,S,P,Q,L,L,I,Y,K,V,-,-,-,-,-,-,-,S,N,R,F,S,G,V,P,-,D,R,F,S,G,S,G,-,-,S,G,T,D,F,T,L,K,I,S,R,V,E,A,E,D,V,G,V,Y,Y,C,F,Q,G,S,L,-,-,-,-,L,P,W,T,F,G,Q,G,T,K,V,E,I,K
motavizumab,0,human,K,1.2e-53,171.6,0,105,,,0.00,,0.00,D,I,Q,M,T,Q,S,P,S,T,L,S,A,S,V,G,D,R,V,T,I,T,C,S,A,S,S,R,V,-,-,-,-,-,-,-,G,Y,M,H,W,Y,Q,Q,K,P,G,K,A,P,K,L,L,I,Y,D,T,-,-,-,-,-,-,-,S,K,L,A,S,G,V,P,-,S,R,F,S,G,S,G,-,-,S,G,T,E,F,T,L,T,I,S,S,L,Q,P,D,D,F,A,T,Y,Y,C,F,Q,G,S,G,-,-,-,-,Y,P,F,T,F,G,G,G,T,K,V,E,I,K
muromonab,0,mouse,K,7.2e-52,165.9,0,105,,,0.00,,0.00,Q,I,V,L,T,Q,S,P,A,I,M,S,A,S,P,G,E,K,V,T,M,T,C,S,A,S,S,S,V,-,-,-,-,-,-,-,S,Y,M,N,W,Y,Q,Q,K,S,G,T,S,P,K,R,W,I,Y,D,T,-,-,-,-,-,-,-,S,K,L,A,S,G,V,P,-,A,H,F,R,G,S,G,-,-,S,G,T,S,Y,S,L,T,I,S,G,M,E,A,E,D,A,A,T,Y,Y,C,Q,Q,W,S,S,-,-,-,-,N,P,F,T,F,G,S,G,T,K,L,E,I,K
natalizumab,0,human,K,3.4e-54,173.3,0,105,,,0.00,,0.00,D,I,Q,M,T,Q,S,P,S,S,L,S,A,S,V,G,D,R,V,T,I,T,C,K,T,S,Q,D,I,-,-,-,-,-,-,N,K,Y,M,A,W,Y,Q,Q,T,P,G,K,A,P,R,L,L,I,H,Y,T,-,-,-,-,-,-,-,S,A,L,Q,P,G,I,P,-,S,R,F,S,G,S,G,-,-,S,G,R,D,Y,T,F,T,I,S,S,L,Q,P,E,D,I,A,T,Y,Y,C,L,Q,Y,D,-,-,-,-,-,N,L,W,T,F,G,Q,G,T,K,V,E,I,K
necitumumab,0,human,K,3.5e-57,183.0,0,106,,,0.00,,0.00,E,I,V,M,T,Q,S,P,A,T,L,S,L,S,P,G,E,R,A,T,L,S,C,R,A,S,Q,S,V,-,-,-,-,-,-,S,S,Y,L,A,W,Y,Q,Q,K,P,G,Q,A,P,R,L,L,I,Y,D,A,-,-,-,-,-,-,-,S,N,R,A,T,G,I,P,-,A,R,F,S,G,S,G,-,-,S,G,T,D,F,T,L,T,I,S,S,L,E,P,E,D,F,A,V,Y,Y,C,H,Q,Y,G,S,-,-,-,-,T,P,L,T,F,G,G,G,T,K,A,E,I,K
nimotuzumab,0,human,K,8.7e-60,191.4,0,111,,,0.00,,0.00,D,I,Q,M,T,Q,S,P,S,S,L,S,A,S,V,G,D,R,V,T,I,T,C,R,S,S,Q,N,I,V,H,S,-,N,G,N,T,Y,L,D,W,Y,Q,Q,T,P,G,K,A,P,K,L,L,I,Y,K,V,-,-,-,-,-,-,-,S,N,R,F,S,G,V,P,-,S,R,F,S,G,S,G,-,-,S,G,T,D,F,T,F,T,I,S,S,L,Q,P,E,D,I,A,T,Y,Y,C,F,Q,Y,S,H,-,-,-,-,V,P,W,T,F,G,Q,G,T,K,L,Q,I,T
nivolumab,0,human,K,3.9e-58,186.1,0,106,,,0.00,,0.00,E,I,V,L,T,Q,S,P,A,T,L,S,L,S,P,G,E,R,A,T,L,S,C,R,A,S,Q,S,V,-,-,-,-,-,-,S,S,Y,L,A,W,Y,Q,Q,K,P,G,Q,A,P,R,L,L,I,Y,D,A,-,-,-,-,-,-,-,S,N,R,A,T,G,I,P,-,A,R,F,S,G,S,G,-,-,S,G,T,D,F,T,L,T,I,S,S,L,E,P,E,D,F,A,V,Y,Y,C,Q,Q,S,S,N,-,-,-,-,W,P,R,T,F,G,Q,G,T,K,V,E,I,K
obinutuzumab,0,human,K,2.7e-56,180.1,0,111,,,0.00,,0.00,D,I,V,M,T,Q,T,P,L,S,L,P,V,T,P,G,E,P,A,S,I,S,C,R,S,S,K,S,L,L,H,S,-,N,G,I,T,Y,L,Y,W,Y,L,Q,K,P,G,Q,S,P,Q,L,L,I,Y,Q,M,-,-,-,-,-,-,-,S,N,L,V,S,G,V,P,-,D,R,F,S,G,S,G,-,-,S,G,T,D,F,T,L,K,I,S,R,V,E,A,E,D,V,G,V,Y,Y,C,A,Q,N,L,E,-,-,-,-,L,P,Y,T,F,G,G,G,T,K,V,E,I,K
ocrelizumab,0,human,K,4.9e-56,179.3,0,105,,,0.00,,0.00,D,I,Q,M,T,Q,S,P,S,S,L,S,A,S,V,G,D,R,V,T,I,T,C,R,A,S,S,S,V,-,-,-,-,-,-,-,S,Y,M,H,W,Y,Q,Q,K,P,G,K,A,P,K,P,L,I,Y,A,P,-,-,-,-,-,-,-,S,N,L,A,S,G,V,P,-,S,R,F,S,G,S,G,-,-,S,G,T,D,F,T,L,T,I,S,S,L,Q,P,E,D,F,A,T,Y,Y,C,Q,Q,W,S,F,-,-,-,-,N,P,P,T,F,G,Q,G,T,K,V,E,I,K
ofatumumab,0,human,K,2.5e-58,186.7,0,106,,,0.00,,0.00,E,I,V,L,T,Q,S,P,A,T,L,S,L,S,P,G,E,R,A,T,L,S,C,R,A,S,Q,S,V,-,-,-,-,-,-,S,S,Y,L,A,W,Y,Q,Q,K,P,G,Q,A,P,R,L,L,I,Y,D,A,-,-,-,-,-,-,-,S,N,R,A,T,G,I,P,-,A,R,F,S,G,S,G,-,-,S,G,T,D,F,T,L,T,I,S,S,L,E,P,E,D,F,A,V,Y,Y,C,Q,Q,R,S,N,-,-,-,-,W,P,I,T,F,G,Q,G,T,R,L,E,I,K
olaratumab,0,human,K,3.5e-57,183.0,0,106,,,0.00,,0.00,E,I,V,L,T,Q,S,P,A,T,L,S,L,S,P,G,E,R,A,T,L,S,C,R,A,S,Q,S,V,-,-,-,-,-,-,S,S,Y,L,A,W,Y,Q,Q,K,P,G,Q,A,P,R,L,L,I,Y,D,A,-,-,-,-,-,-,-,S,N,R,A,T,G,I,P,-,A,R,F,S,G,S,G,-,-,S,G,T,D,F,T,L,T,I,S,S,L,E,P,E,D,F,A,V,Y,Y,C,Q,Q,R,S,N,-,-,-,-,W,P,P,A,F,G,Q,G,T,K,V,E,I,K
olokizumab,0,human,K,2.6e-57,183.4,0,106,,,0.00,,0.00,D,I,Q,M,T,Q,S,P,S,S,L,S,A,S,V,G,D,R,V,T,I,T,C,Q,A,S,Q,D,I,-,-,-,-,-,-,G,I,S,L,S,W,Y,Q,Q,K,P,G,K,A,P,K,L,L,I,Y,N,A,-,-,-,-,-,-,-,N,N,L,A,D,G,V,P,-,S,R,F,S,G,S,G,-,-,S,G,T,D,F,T,L,T,I,S,S,L,Q,P,E,D,F,A,T,Y,Y,C,L,Q,H,N,S,-,-,-,-,A,P,Y,T,F,G,Q,G,T,K,L,E,I,K
omalizumab,0,human,K,8.5e-62,197.9,0,110,,,0.00,,0.00,D,I,Q,L,T,Q,S,P,S,S,L,S,A,S,V,G,D,R,V,T,I,T,C,R,A,S,Q,S,V,D,Y,-,-,D,G,D,S,Y,M,N,W,Y,Q,Q,K,P,G,K,A,P,K,L,L,I,Y,A,A,-,-,-,-,-,-,-,S,Y,L,E,S,G,V,P,-,S,R,F,S,G,S,G,-,-,S,G,T,D,F,T,L,T,I,S,S,L,Q,P,E,D,F,A,T,Y,Y,C,Q,Q,S,H,E,-,-,-,-,D,P,Y,T,F,G,Q,G,T,K,V,E,I,K
onartuzumab,0,human,K,4.5e-63,202.0,0,112,,,0.00,,0.00,D,I,Q,M,T,Q,S,P,S,S,L,S,A,S,V,G,D,R,V,T,I,T,C,K,S,S,Q,S,L,L,Y,T,S,S,Q,K,N,Y,L,A,W,Y,Q,Q,K,P,G,K,A,P,K,L,L,I,Y,W,A,-,-,-,-,-,-,-,S,T,R,E,S,G,V,P,-,S,R,F,S,G,S,G,-,-,S,G,T,D,F,T,L,T,I,S,S,L,Q,P,E,D,F,A,T,Y,Y,C,Q,Q,Y,Y,A,-,-,-,-,Y,P,W,T,F,G,Q,G,T,K,V,E,I,K
otelixizumab,0,human,L,7.3e-43,136.9,0,109,,,0.00,,0.00,D,I,Q,L,T,Q,P,N,S,-,V,S,T,S,L,G,S,T,V,K,L,S,C,T,L,S,S,G,N,I,-,-,-,-,E,N,N,Y,V,H,W,Y,Q,L,Y,E,G,R,S,P,T,T,M,I,Y,D,D,-,-,-,-,-,-,-,D,K,R,P,D,G,V,P,-,D,R,F,S,G,S,I,D,R,S,S,N,S,A,F,L,T,I,H,N,V,A,I,E,D,E,A,I,Y,F,C,H,S,Y,V,S,-,-,-,-,S,F,N,V,F,G,G,G,T,K,L,T,V,L
otlertuzumab,0,human,K,1e-54,175.0,0,106,,,0.00,,0.00,E,I,V,L,T,Q,S,P,A,T,L,S,L,S,P,G,E,R,A,T,L,S,C,R,A,S,E,N,V,-,-,-,-,-,-,Y,S,Y,L,A,W,Y,Q,Q,K,P,G,Q,A,P,R,L,L,I,Y,F,A,-,-,-,-,-,-,-,K,T,L,A,E,G,I,P,-,A,R,F,S,G,S,G,-,-,S,G,T,D,F,T,L,T,I,S,S,L,E,P,E,D,F,A,V,Y,Y,C,Q,H,H,S,D,-,-,-,-,N,P,W,T,F,G,Q,G,T,K,V,E,I,K
ozanezumab,0,human,K,1.1e-54,174.9,0,111,,,0.00,,0.00,D,I,V,M,T,Q,S,P,L,S,N,P,V,T,L,G,Q,P,V,S,I,S,C,R,S,S,K,S,L,L,Y,K,-,D,G,K,T,Y,L,N,W,F,L,Q,R,P,G,Q,S,P,Q,L,L,I,Y,L,M,-,-,-,-,-,-,-,S,T,R,A,S,G,V,P,-,D,R,F,S,G,G,G,-,-,S,G,T,D,F,T,L,K,I,S,R,V,E,A,E,D,V,G,V,Y,Y,C,Q,Q,L,V,E,-,-,-,-,Y,P,L,T,F,G,Q,G,T,K,L,E,I,K
palivizumab,0,human,K,5.2e-53,169.5,0,105,,,0.00,,0.00,D,I,Q,M,T,Q,S,P,S,T,L,S,A,S,V,G,D,R,V,T,I,T,C,K,C,Q,L,S,V,-,-,-,-,-,-,-,G,Y,M,H,W,Y,Q,Q,K,P,G,K,A,P,K,L,L,I,Y,D,T,-,-,-,-,-,-,-,S,K,L,A,S,G,V,P,-,S,R,F,S,G,S,G,-,-,S,G,T,E,F,T,L,T,I,S,S,L,Q,P,D,D,F,A,T,Y,Y,C,F,Q,G,S,G,-,-,-,-,Y,P,F,T,F,G,G,G,T,K,L,E,I,K
panitumumab,0,human,K,8.3e-57,181.8,0,106,,,0.00,,0.00,D,I,Q,M,T,Q,S,P,S,S,L,S,A,S,V,G,D,R,V,T,I,T,C,Q,A,S,Q,D,I,-,-,-,-,-,-,S,N,Y,L,N,W,Y,Q,Q,K,P,G,K,A,P,K,L,L,I,Y,D,A,-,-,-,-,-,-,-,S,N,L,E,T,G,V,P,-,S,R,F,S,G,S,G,-,-,S,G,T,D,F,T,F,T,I,S,S,L,Q,P,E,D,I,A,T,Y,F,C,Q,H,F,D,H,-,-,-,-,L,P,L,A,F,G,G,G,T,K,V,E,I,K
panobacumab,0,human,K,2.6e-58,186.6,0,111,,,0.00,,0.00,D,V,V,M,T,Q,S,P,L,S,L,P,V,T,L,G,Q,P,A,S,I,S,C,R,S,S,Q,S,L,V,Y,S,-,D,G,N,T,Y,L,N,W,F,Q,Q,R,P,G,Q,S,P,R,R,L,I,Y,K,V,-,-,-,-,-,-,-,S,N,R,D,S,G,V,P,-,D,R,F,S,G,S,G,-,-,S,G,T,D,F,T,L,K,I,S,R,V,E,A,E,D,V,G,V,Y,Y,C,M,Q,G,T,H,-,-,-,-,W,P,L,T,F,G,G,G,T,K,V,E,I,K
parsatuzumab,0,human,K,1.6e-60,193.8,0,111,,,0.00,,0.00,D,I,Q,M,T,Q,S,P,S,S,L,S,A,S,V,G,D,R,V,T,I,T,C,R,T,S,Q,S,L,V,H,I,-,N,A,I,T,Y,L,H,W,Y,Q,Q,K,P,G,K,A,P,K,L,L,I,Y,R,V,-,-,-,-,-,-,-,S,N,R,F,S,G,V,P,-,S,R,F,S,G,S,G,-,-,S,G,T,D,F,T,L,T,I,S,S,L,Q,P,E,D,F,A,T,Y,Y,C,G,Q,S,T,H,-,-,-,-,V,P,L,T,F,G,Q,G,T,K,V,E,I,K
patritumab,0,human,K,2.7e-60,193.0,0,112,,,0.00,,0.00,D,I,E,M,T,Q,S,P,D,S,L,A,V,S,L,G,E,R,A,T,I,N,C,R,S,S,Q,S,V,L,Y,S,S,S,N,R,N,Y,L,A,W,Y,Q,Q,N,P,G,Q,P,P,K,L,L,I,Y,W,A,-,-,-,-,-,-,-,S,T,R,E,S,G,V,P,-,D,R,F,S,G,S,G,-,-,S,G,T,D,F,T,L,T,I,S,S,L,Q,A,E,D,V,A,V,Y,Y,C,Q,Q,Y,Y,S,-,-,-,-,T,P,R,T,F,G,Q,G,T,K,V,E,I,K
pembrolizumab,0,human,K,5.5e-57,182.3,0,110,,,0.00,,0.00,E,I,V,L,T,Q,S,P,A,T,L,S,L,S,P,G,E,R,A,T,L,S,C,R,A,S,K,G,V,S,T,-,-,S,G,Y,S,Y,L,H,W,Y,Q,Q,K,P,G,Q,A,P,R,L,L,I,Y,L,A,-,-,-,-,-,-,-,S,Y,L,E,S,G,V,P,-,A,R,F,S,G,S,G,-,-,S,G,T,D,F,T,L,T,I,S,S,L,E,P,E,D,F,A,V,Y,Y,C,Q,H,S,R,D,-,-,-,-,L,P,L,T,F,G,G,G,T,K,V,E,I,K
pertuzumab,0,human,K,1.2e-57,184.4,0,106,,,0.00,,0.00,D,I,Q,M,T,Q,S,P,S,S,L,S,A,S,V,G,D,R,V,T,I,T,C,K,A,S,Q,D,V,-,-,-,-,-,-,S,I,G,V,A,W,Y,Q,Q,K,P,G,K,A,P,K,L,L,I,Y,S,A,-,-,-,-,-,-,-,S,Y,R,Y,T,G,V,P,-,S,R,F,S,G,S,G,-,-,S,G,T,D,F,T,L,T,I,S,S,L,Q,P,E,D,F,A,T,Y,Y,C,Q,Q,Y,Y,I,-,-,-,-,Y,P,Y,T,F,G,Q,G,T,K,V,E,I,K
pinatuzumab,0,human,K,2.4e-61,196.5,0,111,,,0.00,,0.00,D,I,Q,M,T,Q,S,P,S,S,L,S,A,S,V,G,D,R,V,T,I,T,C,R,S,S,Q,S,I,V,H,S,-,V,G,N,T,F,L,E,W,Y,Q,Q,K,P,G,K,A,P,K,L,L,I,Y,K,V,-,-,-,-,-,-,-,S,N,R,F,S,G,V,P,-,S,R,F,S,G,S,G,-,-,S,G,T,D,F,T,L,T,I,S,S,L,Q,P,E,D,F,A,T,Y,Y,C,F,Q,G,S,Q,-,-,-,-,F,P,Y,T,F,G,Q,G,T,K,V,E,I,K
polatuzumab,0,human,K,2.7e-61,196.3,0,110,,,0.00,,0.00,D,I,Q,L,T,Q,S,P,S,S,L,S,A,S,V,G,D,R,V,T,I,T,C,K,A,S,Q,S,V,D,Y,-,-,E,G,D,S,F,L,N,W,Y,Q,Q,K,P,G,K,A,P,K,L,L,I,Y,A,A,-,-,-,-,-,-,-,S,N,L,E,S,G,V,P,-,S,R,F,S,G,S,G,-,-,S,G,T,D,F,T,L,T,I,S,S,L,Q,P,E,D,F,A,T,Y,Y,C,Q,Q,S,N,E,-,-,-,-,D,P,L,T,F,G,Q,G,T,K,V,E,I,K
ponezumab,0,human,K,9.9e-55,175.0,0,111,,,0.00,,0.00,D,V,V,M,T,Q,S,P,L,S,L,P,V,T,L,G,Q,P,A,S,I,S,C,K,S,S,Q,S,L,L,Y,S,-,D,A,K,T,Y,L,N,W,F,Q,Q,R,P,G,Q,S,P,R,R,L,I,Y,Q,I,-,-,-,-,-,-,-,S,R,L,D,P,G,V,P,-,D,R,F,S,G,S,G,-,-,S,G,T,D,F,T,L,K,I,S,R,V,E,A,E,D,V,G,V,Y,Y,C,L,Q,G,T,H,-,-,-,-,Y,P,V,L,F,G,Q,G,T,R,L,E,I,K
radretumab,0,human,K,7.2e-57,182.0,0,107,,,0.00,,0.00,E,I,V,L,T,Q,S,P,G,T,L,S,L,S,P,G,E,R,A,T,L,S,C,R,A,S,Q,S,V,S,-,-,-,-,-,S,S,F,L,A,W,Y,Q,Q,K,P,G,Q,A,P,R,L,L,I,Y,Y,A,-,-,-,-,-,-,-,S,S,R,A,T,G,I,P,-,D,R,F,S,G,S,G,-,-,S,G,T,D,F,T,L,T,I,S,R,L,E,P,E,D,F,A,V,Y,Y,C,Q,Q,T,G,R,-,-,-,-,I,P,P,T,F,G,Q,G,T,K,V,E,I,K
ramucirumab,0,human,K,7.5e-56,178.7,0,106,,,0.00,,0.00,D,I,Q,M,T,Q,S,P,S,S,V,S,A,S,I,G,D,R,V,T,I,T,C,R,A,S,Q,G,I,-,-,-,-,-,-,D,N,W,L,G,W,Y,Q,Q,K,P,G,K,A,P,K,L,L,I,Y,D,A,-,-,-,-,-,-,-,S,N,L,D,T,G,V,P,-,S,R,F,S,G,S,G,-,-,S,G,T,Y,F,T,L,T,I,S,S,L,Q,A,E,D,F,A,V,Y,F,C,Q,Q,A,K,A,-,-,-,-,F,P,P,T,F,G,G,G,T,K,V,D,I,K
ranibizumab,0,human,K,9e-59,188.1,0,106,,,0.00,,0.00,D,I,Q,L,T,Q,S,P,S,S,L,S,A,S,V,G,D,R,V,T,I,T,C,S,A,S,Q,D,I,-,-,-,-,-,-,S,N,Y,L,N,W,Y,Q,Q,K,P,G,K,A,P,K,V,L,I,Y,F,T,-,-,-,-,-,-,-,S,S,L,H,S,G,V,P,-,S,R,F,S,G,S,G,-,-,S,G,T,D,F,T,L,T,I,S,S,L,Q,P,E,D,F,A,T,Y,Y,C,Q,Q,Y,S,T,-,-,-,-,V,P,W,T,F,G,Q,G,T,K,V,E,I,K
reslizumab,0,human,K,5.5e-55,175.9,0,106,,,0.00,,0.00,D,I,Q,M,T,Q,S,P,S,S,L,S,A,S,V,G,D,R,V,T,I,T,C,L,A,S,E,G,I,-,-,-,-,-,-,S,S,Y,L,A,W,Y,Q,Q,K,P,G,K,A,P,K,L,L,I,Y,G,A,-,-,-,-,-,-,-,N,S,L,Q,T,G,V,P,-,S,R,F,S,G,S,G,-,-,S,A,T,D,Y,T,L,T,I,S,S,L,Q,P,E,D,F,A,T,Y,Y,C,Q,Q,S,Y,K,-,-,-,-,F,P,N,T,F,G,Q,G,T,K,V,E,V,K
rilotumumab,0,human,K,6e-57,182.2,0,107,,,0.00,,0.00,E,I,V,M,T,Q,S,P,A,T,L,S,V,S,P,G,E,R,A,T,L,S,C,R,A,S,Q,S,V,-,-,-,-,-,-,D,S,N,L,A,W,Y,R,Q,K,P,G,Q,A,P,R,L,L,I,Y,G,A,-,-,-,-,-,-,-,S,T,R,A,T,G,I,P,-,A,R,F,S,G,S,G,-,-,S,G,T,E,F,T,L,T,I,S,S,L,Q,S,E,D,F,A,V,Y,Y,C,Q,Q,Y,I,N,-,-,-,W,P,P,I,T,F,G,Q,G,T,R,L,E,I,K
rituximab,0,mouse,K,2.8e-52,167.2,0,105,,,0.00,,0.00,Q,I,V,L,S,Q,S,P,A,I,L,S,A,S,P,G,E,K,V,T,M,T,C,R,A,S,S,S,V,-,-,-,-,-,-,-,S,Y,I,H,W,F,Q,Q,K,P,G,S,S,P,K,P,W,I,Y,A,T,-,-,-,-,-,-,-,S,N,L,A,S,G,V,P,-,V,R,F,S,G,S,G,-,-,S,G,T,S,Y,S,L,T,I,S,R,V,E,A,E,D,A,A,T,Y,Y,C,Q,Q,W,T,S,-,-,-,-,N,P,P,T,F,G,G,G,T,K,L,E,I,K
robatumumab,0,human,K,5.8e-56,179.0,0,106,,,0.00,,0.00,E,I,V,L,T,Q,S,P,G,T,L,S,V,S,P,G,E,R,A,T,L,S,C,R,A,S,Q,S,I,-,-,-,-,-,-,G,S,S,L,H,W,Y,Q,Q,K,P,G,Q,A,P,R,L,L,I,K,Y,A,-,-,-,-,-,-,-,S,Q,S,L,S,G,I,P,-,D,R,F,S,G,S,G,-,-,S,G,T,D,F,T,L,T,I,S,R,L,E,P,E,D,F,A,V,Y,Y,C,H,Q,S,S,R,-,-,-,-,L,P,H,T,F,G,Q,G,T,K,V,E,I,K
romosozumab,0,human,K,3e-59,189.7,0,106,,,0.00,,0.00,D,I,Q,M,T,Q,S,P,S,S,L,S,A,S,V,G,D,R,V,T,I,T,C,R,A,S,Q,D,I,-,-,-,-,-,-,S,N,Y,L,N,W,Y,Q,Q,K,P,G,K,A,P,K,L,L,I,Y,Y,T,-,-,-,-,-,-,-,S,R,L,L,S,G,V,P,-,S,R,F,S,G,S,G,-,-,S,G,T,D,F,T,L,T,I,S,S,L,Q,P,E,D,F,A,T,Y,Y,C,Q,Q,G,D,T,-,-,-,-,L,P,Y,T,F,G,G,G,T,K,V,E,I,K
sarilumab,0,human,K,2.3e-59,190.0,0,106,,,0.00,,0.00,D,I,Q,M,T,Q,S,P,S,S,V,S,A,S,V,G,D,R,V,T,I,T,C,R,A,S,Q,G,I,-,-,-,-,-,-,S,S,W,L,A,W,Y,Q,Q,K,P,G,K,A,P,K,L,L,I,Y,G,A,-,-,-,-,-,-,-,S,S,L,E,S,G,V,P,-,S,R,F,S,G,S,G,-,-,S,G,T,D,F,T,L,T,I,S,S,L,Q,P,E,D,F,A,S,Y,Y,C,Q,Q,A,N,S,-,-,-,-,F,P,Y,T,F,G,Q,G,T,K,L,E,I,K
secukinumab,0,human,K,1.9e-57,183.9,0,107,,,0.00,,0.00,E,I,V,L,T,Q,S,P,G,T,L,S,L,S,P,G,E,R,A,T,L,S,C,R,A,S,Q,S,V,S,-,-,-,-,-,S,S,Y,L,A,W,Y,Q,Q,K,P,G,Q,A,P,R,L,L,I,Y,G,A,-,-,-,-,-,-,-,S,S,R,A,T,G,I,P,-,D,R,F,S,G,S,G,-,-,S,G,T,D,F,T,L,T,I,S,R,L,E,P,E,D,F,A,V,Y,Y,C,Q,Q,Y,G,S,-,-,-,-,S,P,C,T,F,G,Q,G,T,R,L,E,I,K
seribantumab,0,human,L,4.2e-53,170.0,0,110,,,0.00,,0.00,Q,S,A,L,T,Q,P,A,S,-,V,S,G,S,P,G,Q,S,I,T,I,S,C,T,G,T,S,S,D,V,G,-,-,-,S,Y,N,V,V,S,W,Y,Q,Q,H,P,G,K,A,P,K,L,I,I,Y,E,V,-,-,-,-,-,-,-,S,Q,R,P,S,G,V,S,-,N,R,F,S,G,S,K,-,-,S,G,N,T,A,S,L,T,I,S,G,L,Q,T,E,D,E,A,D,Y,Y,C,C,S,Y,A,G,S,-,-,S,I,F,V,I,F,G,G,G,T,K,V,T,V,L
sifalimumab,0,human,K,1.7e-57,184.0,0,107,,,0.00,,0.00,E,I,V,L,T,Q,S,P,G,T,L,S,L,S,P,G,E,R,A,T,L,S,C,R,A,S,Q,S,V,S,-,-,-,-,-,S,T,Y,L,A,W,Y,Q,Q,K,P,G,Q,A,P,R,L,L,I,Y,G,A,-,-,-,-,-,-,-,S,S,R,A,T,G,I,P,-,D,R,F,S,G,S,G,-,-,S,G,T,D,F,T,L,T,I,S,R,L,E,P,E,D,F,A,V,Y,Y,C,Q,Q,Y,G,S,-,-,-,-,S,P,R,T,F,G,Q,G,T,K,V,E,I,K
siltuximab,0,mouse,K,1.9e-54,174.3,0,105,,,0.00,,0.00,Q,I,V,L,I,Q,S,P,A,I,M,S,A,S,P,G,E,K,V,T,M,T,C,S,A,S,S,S,V,-,-,-,-,-,-,-,S,Y,M,Y,W,Y,Q,Q,K,P,G,S,S,P,R,L,L,I,Y,D,T,-,-,-,-,-,-,-,S,N,L,A,S,G,V,P,-,V,R,F,S,G,S,G,-,-,S,G,T,S,Y,S,L,T,I,S,R,M,E,A,E,D,A,A,T,Y,Y,C,Q,Q,W,S,G,-,-,-,-,Y,P,Y,T,F,G,G,G,T,K,L,E,I,K
simtuzumab,0,human,K,3.3e-57,183.0,0,111,,,0.00,,0.00,D,I,V,M,T,Q,T,P,L,S,L,S,V,T,P,G,Q,P,A,S,I,S,C,R,S,S,K,S,L,L,H,S,-,N,G,N,T,Y,L,Y,W,F,L,Q,K,P,G,Q,S,P,Q,F,L,I,Y,R,M,-,-,-,-,-,-,-,S,N,L,A,S,G,V,P,-,D,R,F,S,G,S,G,-,-,S,G,T,D,F,T,L,K,I,S,R,V,E,A,E,D,V,G,V,Y,Y,C,M,Q,H,L,E,-,-,-,-,Y,P,Y,T,F,G,G,G,T,K,V,E,I,K
sirukumab,0,human,K,4e-54,173.1,0,105,,,0.00,,0.00,E,I,V,L,T,Q,S,P,A,T,L,S,L,S,P,G,E,R,A,T,L,S,C,S,A,S,I,S,V,-,-,-,-,-,-,-,S,Y,M,Y,W,Y,Q,Q,K,P,G,Q,A,P,R,L,L,I,Y,D,M,-,-,-,-,-,-,-,S,N,L,A,S,G,I,P,-,A,R,F,S,G,S,G,-,-,S,G,T,D,F,T,L,T,I,S,S,L,E,P,E,D,F,A,V,Y,Y,C,M,Q,W,S,G,-,-,-,-,Y,P,Y,T,F,G,G,G,T,K,V,E,I,K
tabalumab,0,human,K,2.8e-56,180.0,0,106,,,0.00,,0.00,E,I,V,L,T,Q,S,P,A,T,L,S,L,S,P,G,E,R,A,T,L,S,C,R,A,S,Q,S,V,-,-,-,-,-,-,S,R,Y,L,A,W,Y,Q,Q,K,P,G,Q,A,P,R,L,L,I,Y,D,A,-,-,-,-,-,-,-,S,N,R,A,T,G,I,P,-,A,R,F,S,G,S,G,-,-,S,G,T,D,S,T,L,T,I,S,S,L,E,P,E,D,F,A,V,Y,Y,C,Q,Q,R,S,N,-,-,-,-,W,P,R,T,F,G,Q,G,T,K,V,E,I,K
tanezumab,0,human,K,7.6e-59,188.3,0,106,,,0.00,,0.00,D,I,Q,M,T,Q,S,P,S,S,L,S,A,S,V,G,D,R,V,T,I,T,C,R,A,S,Q,S,I,-,-,-,-,-,-,S,N,N,L,N,W,Y,Q,Q,K,P,G,K,A,P,K,L,L,I,Y,Y,T,-,-,-,-,-,-,-,S,R,F,H,S,G,V,P,-,S,R,F,S,G,S,G,-,-,S,G,T,D,F,T,F,T,I,S,S,L,Q,P,E,D,I,A,T,Y,Y,C,Q,Q,E,H,T,-,-,-,-,L,P,Y,T,F,G,Q,G,T,K,L,E,I,K
teplizumab,0,mouse,K,8e-52,165.8,0,105,,,0.00,,0.00,D,I,Q,M,T,Q,S,P,S,S,L,S,A,S,V,G,D,R,V,T,I,T,C,S,A,S,S,S,V,-,-,-,-,-,-,-,S,Y,M,N,W,Y,Q,Q,T,P,G,K,A,P,K,R,W,I,Y,D,T,-,-,-,-,-,-,-,S,K,L,A,S,G,V,P,-,S,R,F,S,G,S,G,-,-,S,G,T,D,Y,T,F,T,I,S,S,L,Q,P,E,D,I,A,T,Y,Y,C,Q,Q,W,S,S,-,-,-,-,N,P,F,T,F,G,Q,G,T,K,L,Q,I,T
tigatuzumab,0,human,K,2e-57,183.8,0,105,,,0.00,,0.00,D,I,Q,M,T,Q,S,P,S,S,L,S,A,S,V,G,D,R,V,T,I,T,C,K,A,S,Q,D,V,-,-,-,-,-,-,G,T,A,V,A,W,Y,Q,Q,K,P,G,K,A,P,K,L,L,I,Y,W,A,-,-,-,-,-,-,-,S,T,R,H,T,G,V,P,-,S,R,F,S,G,S,G,-,-,S,G,T,D,F,T,L,T,I,S,S,L,Q,P,E,D,F,A,T,Y,Y,C,Q,Q,Y,S,-,-,-,-,-,S,Y,R,T,F,G,Q,G,T,K,V,E,I,K
tildrakizumab,0,human,K,3.3e-57,183.0,0,106,,,0.00,,0.00,D,I,Q,M,T,Q,S,P,S,S,L,S,A,S,V,G,D,R,V,T,I,T,C,R,T,S,E,N,I,-,-,-,-,-,-,Y,S,Y,L,A,W,Y,Q,Q,K,P,G,K,A,P,K,L,L,I,Y,N,A,-,-,-,-,-,-,-,K,T,L,A,E,G,V,P,-,S,R,F,S,G,S,G,-,-,S,G,T,D,F,T,L,T,I,S,S,L,Q,P,E,D,F,A,T,Y,Y,C,Q,H,H,Y,G,-,-,-,-,I,P,F,T,F,G,Q,G,T,K,V,E,I,K
tocilizumab,0,human,K,2.2e-59,190.1,0,106,,,0.00,,0.00,D,I,Q,M,T,Q,S,P,S,S,L,S,A,S,V,G,D,R,V,T,I,T,C,R,A,S,Q,D,I,-,-,-,-,-,-,S,S,Y,L,N,W,Y,Q,Q,K,P,G,K,A,P,K,L,L,I,Y,Y,T,-,-,-,-,-,-,-,S,R,L,H,S,G,V,P,-,S,R,F,S,G,S,G,-,-,S,G,T,D,F,T,F,T,I,S,S,L,Q,P,E,D,I,A,T,Y,Y,C,Q,Q,G,N,T,-,-,-,-,L,P,Y,T,F,G,Q,G,T,K,V,E,I,K
tovetumab,0,human,K,9.3e-56,178.4,0,107,,,0.00,,0.00,D,I,Q,M,T,Q,S,P,S,S,L,S,A,S,V,G,D,R,V,S,I,T,C,R,P,S,Q,S,F,-,-,-,-,-,-,S,R,Y,I,N,W,Y,Q,Q,K,P,G,K,A,P,K,L,L,I,H,A,A,-,-,-,-,-,-,-,S,S,L,V,G,G,V,P,-,S,R,F,S,G,S,G,-,-,S,G,T,D,F,T,L,T,I,S,S,L,Q,P,E,D,F,A,T,Y,Y,C,Q,Q,T,Y,S,-,-,-,N,P,P,I,T,F,G,Q,G,T,R,L,E,M,K
tralokinumab,0,human,L,1.7e-51,164.8,0,107,,,0.00,,0.00,S,Y,V,L,T,Q,P,P,S,-,V,S,V,A,P,G,K,T,A,R,I,T,C,G,G,N,I,I,G,-,-,-,-,-,-,S,K,L,V,H,W,Y,Q,Q,K,P,G,Q,A,P,V,L,V,I,Y,D,D,-,-,-,-,-,-,-,G,D,R,P,S,G,I,P,-,E,R,F,S,G,S,N,-,-,S,G,N,T,A,T,L,T,I,S,R,V,E,A,G,D,E,A,D,Y,Y,C,Q,V,W,D,T,G,-,-,S,D,P,V,V,F,G,G,G,T,K,L,T,V,L
trastuzumab,0,human,K,2.2e-56,180.4,0,106,,,0.00,,0.00,D,I,Q,M,T,Q,S,P,S,S,L,S,A,S,V,G,D,R,V,T,I,T,C,R,A,S,Q,D,V,-,-,-,-,-,-,N,T,A,V,A,W,Y,Q,Q,K,P,G,K,A,P,K,L,L,I,Y,S,A,-,-,-,-,-,-,-,S,F,L,Y,S,G,V,P,-,S,R,F,S,G,S,R,-,-,S,G,T,D,F,T,L,T,I,S,S,L,Q,P,E,D,F,A,T,Y,Y,C,Q,Q,H,Y,T,-,-,-,-,T,P,P,T,F,G,Q,G,T,K,V,E,I,K
tremelimumab,0,human,K,7.7e-61,194.8,0,106,,,0.00,,0.00,D,I,Q,M,T,Q,S,P,S,S,L,S,A,S,V,G,D,R,V,T,I,T,C,R,A,S,Q,S,I,-,-,-,-,-,-,N,S,Y,L,D,W,Y,Q,Q,K,P,G,K,A,P,K,L,L,I,Y,A,A,-,-,-,-,-,-,-,S,S,L,Q,S,G,V,P,-,S,R,F,S,G,S,G,-,-,S,G,T,D,F,T,L,T,I,S,S,L,Q,P,E,D,F,A,T,Y,Y,C,Q,Q,Y,Y,S,-,-,-,-,T,P,F,T,F,G,P,G,T,K,V,E,I,K
urelumab,0,human,K,1.7e-58,187.2,0,108,,,0.00,,0.00,E,I,V,L,T,Q,S,P,A,T,L,S,L,S,P,G,E,R,A,T,L,S,C,R,A,S,Q,S,V,-,-,-,-,-,-,S,S,Y,L,A,W,Y,Q,Q,K,P,G,Q,A,P,R,L,L,I,Y,D,A,-,-,-,-,-,-,-,S,N,R,A,T,G,I,P,-,A,R,F,S,G,S,G,-,-,S,G,T,D,F,T,L,T,I,S,S,L,E,P,E,D,F,A,V,Y,Y,C,Q,Q,R,S,N,W,-,-,P,P,A,L,T,F,G,G,G,T,K,V,E,I,K
ustekinumab,0,human,K,5.2e-60,192.1,0,106,,,0.00,,0.00,D,I,Q,M,T,Q,S,P,S,S,L,S,A,S,V,G,D,R,V,T,I,T,C,R,A,S,Q,G,I,-,-,-,-,-,-,S,S,W,L,A,W,Y,Q,Q,K,P,E,K,A,P,K,S,L,I,Y,A,A,-,-,-,-,-,-,-,S,S,L,Q,S,G,V,P,-,S,R,F,S,G,S,G,-,-,S,G,T,D,F,T,L,T,I,S,S,L,Q,P,E,D,F,A,T,Y,Y,C,Q,Q,Y,N,I,-,-,-,-,Y,P,Y,T,F,G,Q,G,T,K,L,E,I,K
vedolizumab,0,human,K,1.6e-57,184.1,0,111,,,0.00,,0.00,D,V,V,M,T,Q,S,P,L,S,L,P,V,T,P,G,E,P,A,S,I,S,C,R,S,S,Q,S,L,A,K,S,-,Y,G,N,T,Y,L,S,W,Y,L,Q,K,P,G,Q,S,P,Q,L,L,I,Y,G,I,-,-,-,-,-,-,-,S,N,R,F,S,G,V,P,-,D,R,F,S,G,S,G,-,-,S,G,T,D,F,T,L,K,I,S,R,V,E,A,E,D,V,G,V,Y,Y,C,L,Q,G,T,H,-,-,-,-,Q,P,Y,T,F,G,Q,G,T,K,V,E,I,K
veltuzumab,0,mouse,K,1.8e-53,171.1,0,105,,,0.00,,0.00,D,I,Q,L,T,Q,S,P,S,S,L,S,A,S,V,G,D,R,V,T,M,T,C,R,A,S,S,S,V,-,-,-,-,-,-,-,S,Y,I,H,W,F,Q,Q,K,P,G,K,A,P,K,P,W,I,Y,A,T,-,-,-,-,-,-,-,S,N,L,A,S,G,V,P,-,V,R,F,S,G,S,G,-,-,S,G,T,D,Y,T,F,T,I,S,S,L,Q,P,E,D,I,A,T,Y,Y,C,Q,Q,W,T,S,-,-,-,-,N,P,P,T,F,G,G,G,T,K,L,E,I,K
visilizumab,0,human,K,4.8e-55,176.1,0,105,,,0.00,,0.00,D,I,Q,M,T,Q,S,P,S,S,L,S,A,S,V,G,D,R,V,T,I,T,C,S,A,S,S,S,V,-,-,-,-,-,-,-,S,Y,M,N,W,Y,Q,Q,K,P,G,K,A,P,K,R,L,I,Y,D,T,-,-,-,-,-,-,-,S,K,L,A,S,G,V,P,-,S,R,F,S,G,S,G,-,-,S,G,T,D,F,T,L,T,I,S,S,L,Q,P,E,D,F,A,T,Y,Y,C,Q,Q,W,S,S,-,-,-,-,N,P,P,T,F,G,G,G,T,K,V,E,I,K
zalutumumab,0,human,K,5.9e-57,182.2,0,106,,,0.00,,0.00,A,I,Q,L,T,Q,S,P,S,S,L,S,A,S,V,G,D,R,V,T,I,T,C,R,A,S,Q,D,I,-,-,-,-,-,-,S,S,A,L,V,W,Y,Q,Q,K,P,G,K,A,P,K,L,L,I,Y,D,A,-,-,-,-,-,-,-,S,S,L,E,S,G,V,P,-,S,R,F,S,G,S,E,-,-,S,G,T,D,F,T,L,T,I,S,S,L,Q,P,E,D,F,A,T,Y,Y,C,Q,Q,F,N,S,-,-,-,-,Y,P,L,T,F,G,G,G,T,K,V,E,I,K
zanolimumab,0,human,K,1.8e-59,190.3,0,106,,,0.00,,0.00,D,I,Q,M,T,Q,S,P,S,S,V,S,A,S,V,G,D,R,V,T,I,T,C,R,A,S,Q,D,I,-,-,-,-,-,-,S,S,W,L,A,W,Y,Q,H,K,P,G,K,A,P,K,L,L,I,Y,A,A,-,-,-,-,-,-,-,S,S,L,Q,S,G,V,P,-,S,R,F,S,G,S,G,-,-,S,G,T,D,F,T,L,T,I,S,S,L,Q,P,E,D,F,A,T,Y,Y,C,Q,Q,A,N,S,-,-,-,-,F,P,Y,T,F,G,Q,G,T,K,L,E,I,K
