Id,domain_no,hmm_species,chain_type,e-value,score,seqstart_index,seqend_index,identity_species,v_gene,v_identity,j_gene,j_identity,1,2,3,4,5,6,7,8,9,10,11,12,13,14,15,16,17,18,19,20,21,22,23,24,25,26,27,28,29,30,31,32,33,34,35,36,37,38,39,40,41,42,43,44,45,46,47,48,49,50,51,52,53,54,55,56,57,58,59,60,61,62,63,64,65,66,67,68,69,70,71,72,73,74,75,76,77,78,79,80,81,82,83,84,85,86,87,88,89,90,91,92,93,94,95,96,97,98,99,100,101,102,103,104,105,106,107,108,109,110,111,111A,111B,111C,111D,111E,112E,112D,112C,112B,112A,112,113,114,115,116,117,118,119,120,121,122,123,124,125,126,127,128
abituzumab,0,mouse,H,5.9e-59,188.8,0,117,,,0.00,,0.00,Q,V,Q,L,Q,Q,S,G,G,-,E,L,A,K,P,G,A,S,V,K,V,S,C,K,A,S,G,Y,T,F,-,-,-,-,S,S,F,W,M,H,W,V,R,Q,A,P,G,Q,G,L,E,W,I,G,Y,I,N,P,R,-,-,S,G,Y,T,E,Y,N,E,I,F,R,-,D,K,A,T,M,T,T,D,T,S,T,S,T,A,Y,M,E,L,S,S,L,R,S,E,D,T,A,V,Y,Y,C,A,S,F,L,G,R,-,-,-,-,-,-,-,-,-,-,-,-,G,A,M,D,Y,W,G,Q,G,T,T,V,T,V,S,S
abrilumab,0,human,H,1.4e-56,181.2,0,117,,,0.00,,0.00,Q,V,Q,L,V,Q,S,G,A,-,E,V,K,K,P,G,A,S,V,K,V,S,C,K,V,S,G,Y,T,L,-,-,-,-,S,D,L,S,I,H,W,V,R,Q,A,P,G,K,G,L,E,W,M,G,G,F,D,P,Q,-,-,D,G,E,T,I,Y,A,Q,K,F,Q,-,G,R,V,T,M,T,E,D,T,S,T,D,T,A,Y,M,E,L,S,S,L,K,S,E,D,T,A,V,Y,Y,C,A,T,G,S,S,S,-,-,-,-,-,-,-,-,-,-,-,-,S,W,F,D,P,W,G,Q,G,T,L,V,T,V,S,S
adalimumab,0,human,H,2e-60,193.7,0,120,,,0.00,,0.00,E,V,Q,L,V,E,S,G,G,-,G,L,V,Q,P,G,R,S,L,R,L,S,C,A,A,S,G,F,T,F,-,-,-,-,D,D,Y,A,M,H,W,V,R,Q,A,P,G,K,G,L,E,W,V,S,A,I,T,W,N,-,-,S,G,H,I,D,Y,A,D,S,V,E,-,G,R,F,T,I,S,R,D,N,A,K,N,S,L,Y,L,Q,M,N,S,L,R,A,E,D,T,A,V,Y,Y,C,A,K,V,S,Y,L,S,-,-,-,-,-,-,-,-,-,T,A,S,S,L,D,Y,W,G,Q,G,T,L,V,T,V,S,S
alemtuzumab,0,human,H,3.1e-57,183.4,0,120,,,0.00,,0.00,Q,V,Q,L,Q,E,S,G,P,-,G,L,V,R,P,S,Q,T,L,S,L,T,C,T,V,S,G,F,T,F,-,-,-,-,T,D,F,Y,M,N,W,V,R,Q,P,P,G,R,G,L,E,W,I,G,F,I,R,D,K,A,K,G,Y,T,T,E,Y,N,P,S,V,K,-,G,R,V,T,M,L,V,D,T,S,K,N,Q,F,S,L,R,L,S,S,V,T,A,A,D,T,A,V,Y,Y,C,A,R,E,G,H,T,-,-,-,-,-,-,-,-,-,-,-,A,A,P,F,D,Y,W,G,Q,G,S,L,V,T,V,S,S
alirocumab,0,human,H,1.9e-59,190.6,0,117,,,0.00,,0.00,E,V,Q,L,V,E,S,G,G,-,G,L,V,Q,P,G,G,S,L,R,L,S,C,A,A,S,G,F,T,F,-,-,-,-,N,N,Y,A,M,N,W,V,R,Q,A,P,G,K,G,L,D,W,V,S,T,I,S,G,S,-,-,G,G,T,T,N,Y,A,D,S,V,K,-,G,R,F,I,I,S,R,D,S,S,K,H,T,L,Y,L,Q,M,N,S,L,R,A,E,D,T,A,V,Y,Y,C,A,K,D,S,N,W,-,-,-,-,-,-,-,-,-,-,-,-,G,N,F,D,L,W,G,R,G,T,L,V,T,V,S,S
anifrolumab,0,human,H,3.8e-53,170.1,0,116,,,0.00,,0.00,E,V,Q,L,V,Q,S,G,A,-,E,V,K,K,P,G,E,S,L,K,I,S,C,K,G,S,G,Y,I,F,-,-,-,-,T,N,Y,W,I,A,W,V,R,Q,M,P,G,K,G,L,E,S,M,G,I,I,Y,P,G,-,-,D,S,D,I,R,Y,S,P,S,F,Q,-,G,Q,V,T,I,S,A,D,K,S,I,T,T,A,Y,L,Q,W,S,S,L,K,A,S,D,T,A,M,Y,Y,C,A,R,H,D,I,-,-,-,-,-,-,-,-,-,-,-,-,-,E,G,F,D,Y,W,G,R,G,T,L,V,T,V,S,S
atezolizumab,0,human,H,1.9e-62,200.2,0,117,,,0.00,,0.00,E,V,Q,L,V,E,S,G,G,-,G,L,V,Q,P,G,G,S,L,R,L,S,C,A,A,S,G,F,T,F,-,-,-,-,S,D,S,W,I,H,W,V,R,Q,A,P,G,K,G,L,E,W,V,A,W,I,S,P,Y,-,-,G,G,S,T,Y,Y,A,D,S,V,K,-,G,R,F,T,I,S,A,D,T,S,K,N,T,A,Y,L,Q,M,N,S,L,R,A,E,D,T,A,V,Y,Y,C,A,R,R,H,W,P,-,-,-,-,-,-,-,-,-,-,-,-,G,G,F,D,Y,W,G,Q,G,T,L,V,T,V,S,S
bapineuzumab,0,human,H,1.8e-59,190.6,0,118,,,0.00,,0.00,E,V,Q,L,L,E,S,G,G,-,G,L,V,Q,P,G,G,S,L,R,L,S,C,A,A,S,G,F,T,F,-,-,-,-,S,N,Y,G,M,S,W,V,R,Q,A,P,G,K,G,L,E,W,V,A,S,I,R,S,G,-,-,G,G,R,T,Y,Y,S,D,N,V,K,-,G,R,F,T,I,S,R,D,N,S,K,N,T,L,Y,L,Q,M,N,S,L,R,A,E,D,T,A,V,Y,Y,C,V,R,Y,D,H,Y,-,-,-,-,-,-,-,-,-,-,-,S,G,S,S,D,Y,W,G,Q,G,T,L,V,T,V,S,S
basiliximab,0,mouse,H,1.5e-56,181.0,0,116,,,0.00,,0.00,Q,V,Q,L,Q,Q,S,G,T,-,V,L,A,R,P,G,A,S,V,K,M,S,C,K,A,S,G,Y,S,F,-,-,-,-,T,R,Y,W,M,H,W,I,K,Q,R,P,G,Q,G,L,E,W,I,G,A,I,Y,P,G,-,-,N,S,D,T,S,Y,N,Q,K,F,E,-,G,K,A,K,L,T,A,V,T,S,A,S,T,A,Y,M,E,L,S,S,L,T,H,E,D,S,A,V,Y,Y,C,S,R,D,Y,G,-,-,-,-,-,-,-,-,-,-,-,-,-,Y,Y,F,D,F,W,G,Q,G,T,T,L,T,V,S,S
bavituximab,0,mouse,H,8.1e-59,188.3,0,119,,,0.00,,0.00,E,V,Q,L,Q,Q,S,G,P,-,E,L,E,K,P,G,A,S,V,K,L,S,C,K,A,S,G,Y,S,F,-,-,-,-,T,G,Y,N,M,N,W,V,K,Q,S,H,G,K,S,L,E,W,I,G,H,I,D,P,Y,-,-,Y,G,D,T,S,Y,N,Q,K,F,R,-,G,K,A,T,L,T,V,D,K,S,S,S,T,A,Y,M,Q,L,K,S,L,T,S,E,D,S,A,V,Y,Y,C,V,K,G,G,Y,Y,G,-,-,-,-,-,-,-,-,-,-,H,W,Y,F,D,V,W,G,A,G,T,T,V,T,V,S,S
belimumab,0,human,H,8.8e-52,165.7,0,122,,,0.00,,0.00,Q,V,Q,L,Q,Q,S,G,A,-,E,V,K,K,P,G,S,S,V,R,V,S,C,K,A,S,G,G,T,F,-,-,-,-,N,N,N,A,I,N,W,V,R,Q,A,P,G,Q,G,L,E,W,M,G,G,I,I,P,M,-,-,F,G,T,A,K,Y,S,Q,N,F,Q,-,G,R,V,A,I,T,A,D,E,S,T,G,T,A,S,M,E,L,S,S,L,R,S,E,D,T,A,V,Y,Y,C,A,R,S,R,D,L,L,L,-,-,-,-,-,-,-,F,P,H,H,A,L,S,P,W,G,R,G,T,M,V,T,V,S,S
benralizumab,0,mouse,H,1.4e-54,174.7,0,120,,,0.00,,0.00,E,V,Q,L,V,Q,S,G,A,-,E,V,K,K,P,G,A,S,V,K,V,S,C,K,A,S,G,Y,T,F,-,-,-,-,T,S,Y,V,I,H,W,V,R,Q,R,P,G,Q,G,L,A,W,M,G,Y,I,N,P,Y,-,-,N,D,G,T,K,Y,N,E,R,F,K,-,G,K,V,T,I,T,S,D,R,S,T,S,T,V,Y,M,E,L,S,S,L,R,S,E,D,T,A,V,Y,L,C,G,R,E,G,I,R,Y,-,-,-,-,-,-,-,-,-,Y,G,L,L,G,D,Y,W,G,Q,G,T,L,V,T,V,S,S
bevacizumab,0,human,H,2.5e-58,186.9,0,122,,,0.00,,0.00,E,V,Q,L,V,E,S,G,G,-,G,L,V,Q,P,G,G,S,L,R,L,S,C,A,A,S,G,Y,T,F,-,-,-,-,T,N,Y,G,M,N,W,V,R,Q,A,P,G,K,G,L,E,W,V,G,W,I,N,T,Y,-,-,T,G,E,P,T,Y,A,A,D,F,K,-,R,R,F,T,F,S,L,D,T,S,K,S,T,A,Y,L,Q,M,N,S,L,R,A,E,D,T,A,V,Y,Y,C,A,K,Y,P,H,Y,Y,G,-,-,-,-,-,-,-,S,S,H,W,Y,F,D,V,W,G,Q,G,T,L,V,T,V,S,S
bimagrumab,0,human,H,1.4e-57,184.5,0,114,,,0.00,,0.00,Q,V,Q,L,V,Q,S,G,A,-,E,V,K,K,P,G,A,S,V,K,V,S,C,K,A,S,G,Y,T,F,-,-,-,-,T,S,S,Y,I,N,W,V,R,Q,A,P,G,Q,G,L,E,W,M,G,T,I,N,P,V,-,-,S,G,S,T,S,Y,A,Q,K,F,Q,-,G,R,V,T,M,T,R,D,T,S,I,S,T,A,Y,M,E,L,S,R,L,R,S,D,D,T,A,V,Y,Y,C,A,R,G,G,-,-,-,-,-,-,-,-,-,-,-,-,-,-,-,W,F,D,Y,W,G,Q,G,T,L,V,T,V,S,S
blosozumab,0,human,H,7.8e-55,175.6,0,117,,,0.00,,0.00,Q,V,Q,L,V,Q,S,G,A,-,E,V,K,K,P,G,A,S,V,K,V,S,C,K,V,S,G,F,P,I,-,-,-,-,K,D,T,F,Q,H,W,V,R,Q,A,P,G,K,G,L,E,W,M,G,W,S,D,P,E,-,-,I,G,D,T,E,Y,A,S,K,F,Q,-,G,R,V,T,M,T,E,D,T,S,T,D,T,A,Y,M,E,L,S,S,L,R,S,E,D,T,A,V,Y,Y,C,A,T,G,D,T,T,-,-,-,-,-,-,-,-,-,-,-,-,Y,K,F,D,F,W,G,Q,G,T,T,V,T,V,S,S
bococizumab,0,human,H,1.2e-58,187.9,0,117,,,0.00,,0.00,Q,V,Q,L,V,Q,S,G,A,-,E,V,K,K,P,G,A,S,V,K,V,S,C,K,A,S,G,Y,T,F,-,-,-,-,T,S,Y,Y,M,H,W,V,R,Q,A,P,G,Q,G,L,E,W,M,G,E,I,S,P,F,-,-,G,G,R,T,N,Y,N,E,K,F,K,-,S,R,V,T,M,T,R,D,T,S,T,S,T,V,Y,M,E,L,S,S,L,R,S,E,D,T,A,V,Y,Y,C,A,R,E,R,P,L,-,-,-,-,-,-,-,-,-,-,-,-,Y,A,S,D,L,W,G,Q,G,T,T,V,T,V,S,S
brentuximab,0,mouse,H,2.1e-59,190.3,0,116,,,0.00,,0.00,Q,I,Q,L,Q,Q,S,G,P,-,E,V,V,K,P,G,A,S,V,K,I,S,C,K,A,S,G,Y,T,F,-,-,-,-,T,D,Y,Y,I,T,W,V,K,Q,K,P,G,Q,G,L,E,W,I,G,W,I,Y,P,G,-,-,S,G,N,T,K,Y,N,E,K,F,K,-,G,K,A,T,L,T,V,D,T,S,S,S,T,A,F,M,Q,L,S,S,L,T,S,E,D,T,A,V,Y,F,C,A,N,Y,G,N,-,-,-,-,-,-,-,-,-,-,-,-,-,Y,W,F,A,Y,W,G,Q,G,T,Q,V,T,V,S,A
briakinumab,0,human,H,7e-60,191.9,0,114,,,0.00,,0.00,Q,V,Q,L,V,E,S,G,G,-,G,V,V,Q,P,G,R,S,L,R,L,S,C,A,A,S,G,F,T,F,-,-,-,-,S,S,Y,G,M,H,W,V,R,Q,A,P,G,K,G,L,E,W,V,A,F,I,R,Y,D,-,-,G,S,N,K,Y,Y,A,D,S,V,K,-,G,R,F,T,I,S,R,D,N,S,K,N,T,L,Y,L,Q,M,N,S,L,R,A,E,D,T,A,V,Y,Y,C,K,T,H,G,-,-,-,-,-,-,-,-,-,-,-,-,-,-,-,S,H,D,N,W,G,Q,G,T,M,V,T,V,S,S
brodalumab,0,human,H,7.9e-58,185.3,0,115,,,0.00,,0.00,Q,V,Q,L,V,Q,S,G,A,-,E,V,K,K,P,G,A,S,V,K,V,S,C,K,A,S,G,Y,T,F,-,-,-,-,T,R,Y,G,I,S,W,V,R,Q,A,P,G,Q,G,L,E,W,M,G,W,I,S,T,Y,-,-,S,G,N,T,N,Y,A,Q,K,L,Q,-,G,R,V,T,M,T,T,D,T,S,T,S,T,A,Y,M,E,L,R,S,L,R,S,D,D,T,A,V,Y,Y,C,A,R,R,Q,L,-,-,-,-,-,-,-,-,-,-,-,-,-,-,Y,F,D,Y,W,G,Q,G,T,L,V,T,V,S,S
canakinumab,0,human,H,2.4e-61,196.6,0,117,,,0.00,,0.00,Q,V,Q,L,V,E,S,G,G,-,G,V,V,Q,P,G,R,S,L,R,L,S,C,A,A,S,G,F,T,F,-,-,-,-,S,V,Y,G,M,N,W,V,R,Q,A,P,G,K,G,L,E,W,V,A,I,I,W,Y,D,-,-,G,D,N,Q,Y,Y,A,D,S,V,K,-,G,R,F,T,I,S,R,D,N,S,K,N,T,L,Y,L,Q,M,N,G,L,R,A,E,D,T,A,V,Y,Y,C,A,R,D,L,R,T,-,-,-,-,-,-,-,-,-,-,-,-,G,P,F,D,Y,W,G,Q,G,T,L,V,T,V,S,S
carlumab,0,human,H,2.4e-57,183.7,0,118,,,0.00,,0.00,Q,V,Q,L,V,Q,S,G,A,-,E,V,K,K,P,G,S,S,V,K,V,S,C,K,A,S,G,G,T,F,-,-,-,-,S,S,Y,G,I,S,W,V,R,Q,A,P,G,Q,G,L,E,W,M,G,G,I,I,P,I,-,-,F,G,T,A,N,Y,A,Q,K,F,Q,-,G,R,V,T,I,T,A,D,E,S,T,S,T,A,Y,M,E,L,S,S,L,R,S,E,D,T,A,V,Y,Y,C,A,R,Y,D,G,I,-,-,-,-,-,-,-,-,-,-,-,Y,G,E,L,D,F,W,G,Q,G,T,L,V,T,V,S,S
certolizumab,0,human,H,4.2e-59,189.4,0,117,,,0.00,,0.00,E,V,Q,L,V,E,S,G,G,-,G,L,V,Q,P,G,G,S,L,R,L,S,C,A,A,S,G,Y,V,F,-,-,-,-,T,D,Y,G,M,N,W,V,R,Q,A,P,G,K,G,L,E,W,M,G,W,I,N,T,Y,-,-,I,G,E,P,I,Y,A,D,S,V,K,-,G,R,F,T,F,S,L,D,T,S,K,S,T,A,Y,L,Q,M,N,S,L,R,A,E,D,T,A,V,Y,Y,C,A,R,G,Y,R,S,-,-,-,-,-,-,-,-,-,-,-,-,Y,A,M,D,Y,W,G,Q,G,T,L,V,T,V,S,S
cetuximab,0,mouse,H,2.9e-54,173.6,0,118,,,0.00,,0.00,Q,V,Q,L,K,Q,S,G,P,-,G,L,V,Q,P,S,Q,S,L,S,I,T,C,T,V,S,G,F,S,L,-,-,-,-,T,N,Y,G,V,H,W,V,R,Q,S,P,G,K,G,L,E,W,L,G,V,I,W,S,G,-,-,-,G,N,T,D,Y,N,T,P,F,T,-,S,R,L,S,I,N,K,D,N,S,K,S,Q,V,F,F,K,M,N,S,L,Q,S,N,D,T,A,I,Y,Y,C,A,R,A,L,T,Y,Y,-,-,-,-,-,-,-,-,-,-,D,Y,E,F,A,Y,W,G,Q,G,T,L,V,T,V,S,A
cixutumumab,0,human,H,1.5e-53,171.5,0,129,,,0.00,,0.00,E,V,Q,L,V,Q,S,G,A,-,E,V,K,K,P,G,S,S,V,K,V,S,C,K,A,S,G,G,T,F,-,-,-,-,S,S,Y,A,I,S,W,V,R,Q,A,P,G,Q,G,L,E,W,M,G,G,I,I,P,I,-,-,F,G,T,A,N,Y,A,Q,K,F,Q,-,G,R,V,T,I,T,A,D,K,S,T,S,T,A,Y,M,E,L,S,S,L,R,S,E,D,T,A,V,Y,Y,C,A,R,A,P,L,R,F,L,E,W,S,T,Q,D,H,Y,Y,Y,Y,Y,M,D,V,W,G,K,G,T,T,V,T,V,S,S
clazakizumab,0,human,H,1.8e-58,187.4,0,119,,,0.00,,0.00,E,V,Q,L,V,E,S,G,G,-,G,L,V,Q,P,G,G,S,L,R,L,S,C,A,A,S,G,F,S,L,-,-,-,-,S,N,Y,Y,V,T,W,V,R,Q,A,P,G,K,G,L,E,W,V,G,I,I,Y,G,S,-,-,-,D,E,T,A,Y,A,T,S,A,I,-,G,R,F,T,I,S,R,D,N,S,K,N,T,L,Y,L,Q,M,N,S,L,R,A,E,D,T,A,V,Y,Y,C,A,R,D,D,S,S,D,-,-,-,-,-,-,-,-,-,W,D,A,K,F,N,L,W,G,Q,G,T,L,V,T,V,S,S
codrituzumab,0,human,H,6.8e-56,179.0,0,114,,,0.00,,0.00,Q,V,Q,L,V,Q,S,G,A,-,E,V,K,K,P,G,A,S,V,K,V,S,C,K,A,S,G,Y,T,F,-,-,-,-,T,D,Y,E,M,H,W,V,R,Q,A,P,G,Q,G,L,E,W,M,G,A,L,D,P,K,-,-,T,G,D,T,A,Y,S,Q,K,F,K,-,G,R,V,T,L,T,A,D,K,S,T,S,T,A,Y,M,E,L,S,S,L,T,S,E,D,T,A,V,Y,Y,C,T,R,F,Y,-,-,-,-,-,-,-,-,-,-,-,-,-,-,-,S,Y,T,Y,W,G,Q,G,T,L,V,T,V,S,S
crenezumab,0,human,H,9.2e-57,181.8,0,111,,,0.00,,0.00,E,V,Q,L,V,E,S,G,G,-,G,L,V,Q,P,G,G,S,L,R,L,S,C,A,A,S,G,F,T,F,-,-,-,-,S,S,Y,G,M,S,W,V,R,Q,A,P,G,K,G,L,E,L,V,A,S,I,N,S,N,-,-,G,G,S,T,Y,Y,P,D,S,V,K,-,G,R,F,T,I,S,R,D,N,A,K,N,S,L,Y,L,Q,M,N,S,L,R,A,E,D,T,A,V,Y,Y,C,A,S,G,-,-,-,-,-,-,-,-,-,-,-,-,-,-,-,-,-,-,D,Y,W,G,Q,G,T,T,V,T,V,S,S
dacetuzumab,0,human,H,2.6e-57,183.6,0,113,,,0.00,,0.00,E,V,Q,L,V,E,S,G,G,-,G,L,V,Q,P,G,G,S,L,R,L,S,C,A,A,S,G,Y,S,F,-,-,-,-,T,G,Y,Y,I,H,W,V,R,Q,A,P,G,K,G,L,E,W,V,A,R,V,I,P,N,-,-,A,G,G,T,S,Y,N,Q,K,F,K,-,G,R,F,T,L,S,V,D,N,S,K,N,T,A,Y,L,Q,M,N,S,L,R,A,E,D,T,A,V,Y,Y,C,A,R,E,G,-,-,-,-,-,-,-,-,-,-,-,-,-,-,-,-,I,Y,W,W,G,Q,G,T,L,V,T,V,S,S
daclizumab,0,mouse,H,5.8e-60,192.0,0,115,,,0.00,,0.00,Q,V,Q,L,V,Q,S,G,A,-,E,V,K,K,P,G,S,S,V,K,V,S,C,K,A,S,G,Y,T,F,-,-,-,-,T,S,Y,R,M,H,W,V,R,Q,A,P,G,Q,G,L,E,W,I,G,Y,I,N,P,S,-,-,T,G,Y,T,E,Y,N,Q,K,F,K,-,D,K,A,T,I,T,A,D,E,S,T,N,T,A,Y,M,E,L,S,S,L,R,S,E,D,T,A,V,Y,Y,C,A,R,G,G,G,-,-,-,-,-,-,-,-,-,-,-,-,-,-,V,F,D,Y,W,G,Q,G,T,L,V,T,V,S,S
dalotuzumab,0,human,H,2.9e-58,186.7,0,116,,,0.00,,0.00,Q,V,Q,L,Q,E,S,G,P,-,G,L,V,K,P,S,E,T,L,S,L,T,C,T,V,S,G,Y,S,I,T,-,-,-,G,G,Y,L,W,N,W,I,R,Q,P,P,G,K,G,L,E,W,I,G,Y,I,S,Y,D,-,-,-,G,T,N,N,Y,K,P,S,L,K,-,D,R,V,T,I,S,R,D,T,S,K,N,Q,F,S,L,K,L,S,S,V,T,A,A,D,T,A,V,Y,Y,C,A,R,Y,G,R,-,-,-,-,-,-,-,-,-,-,-,-,-,V,F,F,D,Y,W,G,Q,G,T,L,V,T,V,S,S
daratumumab,0,human,H,5.2e-60,192.3,0,121,,,0.00,,0.00,E,V,Q,L,L,E,S,G,G,-,G,L,V,Q,P,G,G,S,L,R,L,S,C,A,V,S,G,F,T,F,-,-,-,-,N,S,F,A,M,S,W,V,R,Q,A,P,G,K,G,L,E,W,V,S,A,I,S,G,S,-,-,G,G,G,T,Y,Y,A,D,S,V,K,-,G,R,F,T,I,S,R,D,N,S,K,N,T,L,Y,L,Q,M,N,S,L,R,A,E,D,T,A,V,Y,F,C,A,K,D,K,I,L,W,F,-,-,-,-,-,-,-,-,G,E,P,V,F,D,Y,W,G,Q,G,T,L,V,T,V,S,S
denosumab,0,human,H,4.7e-61,195.7,0,121,,,0.00,,0.00,E,V,Q,L,L,E,S,G,G,-,G,L,V,Q,P,G,G,S,L,R,L,S,C,A,A,S,G,F,T,F,-,-,-,-,S,S,Y,A,M,S,W,V,R,Q,A,P,G,K,G,L,E,W,V,S,G,I,T,G,S,-,-,G,G,S,T,Y,Y,A,D,S,V,K,-,G,R,F,T,I,S,R,D,N,S,K,N,T,L,Y,L,Q,M,N,S,L,R,A,E,D,T,A,V,Y,Y,C,A,K,D,P,G,T,T,V,-,-,-,-,-,-,-,-,I,M,S,W,F,D,P,W,G,Q,G,T,L,V,T,V,S,S
dinutuximab,0,mouse,H,1.9e-53,170.9,0,112,,,0.00,,0.00,E,V,Q,L,L,Q,S,G,P,-,E,L,E,K,P,G,A,S,V,M,I,S,C,K,A,S,G,S,S,F,-,-,-,-,T,G,Y,N,M,N,W,V,R,Q,N,I,G,K,S,L,E,W,I,G,A,I,D,P,Y,-,-,Y,G,G,T,S,Y,N,Q,K,F,K,-,G,R,A,T,L,T,V,D,K,S,S,S,T,A,Y,M,H,L,K,S,L,T,S,E,D,S,A,V,Y,Y,C,V,S,G,-,-,-,-,-,-,-,-,-,-,-,-,-,-,-,-,-,M,E,Y,W,G,Q,G,T,S,V,T,V,S,S
drozitumab,0,human,H,5.8e-60,192.2,0,120,,,0.00,,0.00,E,V,Q,L,V,Q,S,G,G,-,G,V,E,R,P,G,G,S,L,R,L,S,C,A,A,S,G,F,T,F,-,-,-,-,D,D,Y,A,M,S,W,V,R,Q,A,P,G,K,G,L,E,W,V,S,G,I,N,W,Q,-,-,G,G,S,T,G,Y,A,D,S,V,K,-,G,R,V,T,I,S,R,D,N,A,K,N,S,L,Y,L,Q,M,N,S,L,R,A,E,D,T,A,V,Y,Y,C,A,K,I,L,G,A,G,-,-,-,-,-,-,-,-,-,R,G,W,Y,F,D,Y,W,G,K,G,T,T,V,T,V,S,S
duligotuzumab,0,human,H,1.3e-60,194.2,0,120,,,0.00,,0.00,E,V,Q,L,V,E,S,G,G,-,G,L,V,Q,P,G,G,S,L,R,L,S,C,A,A,S,G,F,T,L,-,-,-,-,S,G,D,W,I,H,W,V,R,Q,A,P,G,K,G,L,E,W,V,G,E,I,S,A,A,-,-,G,G,Y,T,D,Y,A,D,S,V,K,-,G,R,F,T,I,S,A,D,T,S,K,N,T,A,Y,L,Q,M,N,S,L,R,A,E,D,T,A,V,Y,Y,C,A,R,E,S,R,V,S,-,-,-,-,-,-,-,-,-,F,E,A,A,M,D,Y,W,G,Q,G,T,L,V,T,V,S,S
dupilumab,0,human,H,1.2e-58,188.0,0,124,,,0.00,,0.00,E,V,Q,L,V,E,S,G,G,-,G,L,E,Q,P,G,G,S,L,R,L,S,C,A,G,S,G,F,T,F,-,-,-,-,R,D,Y,A,M,T,W,V,R,Q,A,P,G,K,G,L,E,W,V,S,S,I,S,G,S,-,-,G,G,N,T,Y,Y,A,D,S,V,K,-,G,R,F,T,I,S,R,D,N,S,K,N,T,L,Y,L,Q,M,N,S,L,R,A,E,D,T,A,V,Y,Y,C,A,K,D,R,L,S,I,T,I,-,-,-,-,-,R,P,R,Y,Y,G,L,D,V,W,G,Q,G,T,T,V,T,V,S,S
eculizumab,0,human,H,1.8e-57,184.1,0,121,,,0.00,,0.00,Q,V,Q,L,V,Q,S,G,A,-,E,V,K,K,P,G,A,S,V,K,V,S,C,K,A,S,G,Y,I,F,-,-,-,-,S,N,Y,W,I,Q,W,V,R,Q,A,P,G,Q,G,L,E,W,M,G,E,I,L,P,G,-,-,S,G,S,T,E,Y,T,E,N,F,K,-,D,R,V,T,M,T,R,D,T,S,T,S,T,V,Y,M,E,L,S,S,L,R,S,E,D,T,A,V,Y,Y,C,A,R,Y,F,F,G,S,S,-,-,-,-,-,-,-,-,P,N,W,Y,F,D,V,W,G,Q,G,T,L,V,T,V,S,S
efalizumab,0,human,H,1.7e-61,197.1,0,120,,,0.00,,0.00,E,V,Q,L,V,E,S,G,G,-,G,L,V,Q,P,G,G,S,L,R,L,S,C,A,A,S,G,Y,S,F,-,-,-,-,T,G,H,W,M,N,W,V,R,Q,A,P,G,K,G,L,E,W,V,G,M,I,H,P,S,-,-,D,S,E,T,R,Y,N,Q,K,F,K,-,D,R,F,T,I,S,V,D,K,S,K,N,T,L,Y,L,Q,M,N,S,L,R,A,E,D,T,A,V,Y,Y,C,A,R,G,I,Y,F,Y,-,-,-,-,-,-,-,-,-,G,T,T,Y,F,D,Y,W,G,Q,G,T,L,V,T,V,S,S
eldelumab,0,human,H,3.2e-58,186.6,0,123,,,0.00,,0.00,Q,M,Q,L,V,E,S,G,G,-,G,V,V,Q,P,G,R,S,L,R,L,S,C,T,A,S,G,F,T,F,-,-,-,-,S,N,N,G,M,H,W,V,R,Q,A,P,G,K,G,L,E,W,V,A,V,I,W,F,D,-,-,G,M,N,K,F,Y,V,D,S,V,K,-,G,R,F,T,I,S,R,D,N,S,K,N,T,L,Y,L,E,M,N,S,L,R,A,E,D,T,A,I,Y,Y,C,A,R,E,G,D,G,S,G,I,-,-,-,-,-,-,Y,Y,Y,Y,G,M,D,V,W,G,Q,G,T,T,V,T,V,S,S
elotuzumab,0,human,H,5.5e-60,192.3,0,118,,,0.00,,0.00,E,V,Q,L,V,E,S,G,G,-,G,L,V,Q,P,G,G,S,L,R,L,S,C,A,A,S,G,F,D,F,-,-,-,-,S,R,Y,W,M,S,W,V,R,Q,A,P,G,K,G,L,E,W,I,G,E,I,N,P,D,-,-,S,S,T,I,N,Y,A,P,S,L,K,-,D,K,F,I,I,S,R,D,N,A,K,N,S,L,Y,L,Q,M,N,S,L,R,A,E,D,T,A,V,Y,Y,C,A,R,P,D,G,N,-,-,-,-,-,-,-,-,-,-,-,Y,W,Y,F,D,V,W,G,Q,G,T,L,V,T,V,S,S
emibetuzumab,0,mouse,H,2.3e-57,183.7,0,114,,,0.00,,0.00,Q,V,Q,L,V,Q,S,G,A,-,E,V,K,K,P,G,A,S,V,K,V,S,C,K,A,S,G,Y,T,F,-,-,-,-,T,D,Y,Y,M,H,W,V,R,Q,A,P,G,Q,G,L,E,W,M,G,R,V,N,P,N,-,-,R,R,G,T,T,Y,N,Q,K,F,E,-,G,R,V,T,M,T,T,D,T,S,T,S,T,A,Y,M,E,L,R,S,L,R,S,D,D,T,A,V,Y,Y,C,A,R,A,N,-,-,-,-,-,-,-,-,-,-,-,-,-,-,-,W,L,D,Y,W,G,Q,G,T,T,V,T,V,S,S
enokizumab,0,human,H,2.3e-56,180.6,0,121,,,0.00,,0.00,Q,V,Q,L,V,Q,S,G,A,-,E,V,K,K,P,G,S,S,V,K,V,S,C,K,A,S,G,G,T,F,-,-,-,-,S,Y,Y,W,I,E,W,V,R,Q,A,P,G,Q,G,L,E,W,M,G,E,I,L,P,G,-,-,S,G,T,T,N,P,N,E,K,F,K,-,G,R,V,T,I,T,A,D,E,S,T,S,T,A,Y,M,E,L,S,S,L,R,S,E,D,T,A,V,Y,Y,C,A,R,A,D,Y,Y,G,S,-,-,-,-,-,-,-,-,D,Y,V,K,F,D,Y,W,G,Q,G,T,L,V,T,V,S,S
epratuzumab,0,mouse,H,1.2e-56,181.3,0,115,,,0.00,,0.00,Q,V,Q,L,V,Q,S,G,A,-,E,V,K,K,P,G,S,S,V,K,V,S,C,K,A,S,G,Y,T,F,-,-,-,-,T,S,Y,W,L,H,W,V,R,Q,A,P,G,Q,G,L,E,W,I,G,Y,I,N,P,R,-,-,N,D,Y,T,E,Y,N,Q,N,F,K,-,D,K,A,T,I,T,A,D,E,S,T,N,T,A,Y,M,E,L,S,S,L,R,S,E,D,T,A,F,Y,F,C,A,R,R,D,I,-,-,-,-,-,-,-,-,-,-,-,-,-,-,T,T,F,Y,W,G,Q,G,T,T,V,T,V,S,S
etrolizumab,0,human,H,3.7e-60,192.8,0,116,,,0.00,,0.00,E,V,Q,L,V,E,S,G,G,-,G,L,V,Q,P,G,G,S,L,R,L,S,C,A,A,S,G,F,F,I,-,-,-,-,T,N,N,Y,W,G,W,V,R,Q,A,P,G,K,G,L,E,W,V,G,Y,I,S,Y,S,-,-,-,G,S,T,S,Y,N,P,S,L,K,-,S,R,F,T,I,S,R,D,T,S,K,N,T,F,Y,L,Q,M,N,S,L,R,A,E,D,T,A,V,Y,Y,C,A,R,T,G,S,S,-,-,-,-,-,-,-,-,-,-,-,-,G,Y,F,D,F,W,G,Q,G,T,L,V,T,V,S,S
evolocumab,0,human,H,1.3e-54,174.8,0,114,,,0.00,,0.00,E,V,Q,L,V,Q,S,G,A,-,E,V,K,K,P,G,A,S,V,K,V,S,C,K,A,S,G,Y,T,L,-,-,-,-,T,S,Y,G,I,S,W,V,R,Q,A,P,G,Q,G,L,E,W,M,G,W,V,S,F,Y,-,-,N,G,N,T,N,Y,A,Q,K,L,Q,-,G,R,G,T,M,T,T,D,P,S,T,S,T,A,Y,M,E,L,R,S,L,R,S,D,D,T,A,V,Y,Y,C,A,R,G,Y,-,-,-,-,-,-,-,-,-,-,-,-,-,-,-,G,M,D,V,W,G,Q,G,T,T,V,T,V,S,S
farletuzumab,0,human,H,2.3e-55,177.3,0,118,,,0.00,,0.00,E,V,Q,L,V,E,S,G,G,-,G,V,V,Q,P,G,R,S,L,R,L,S,C,S,A,S,G,F,T,F,-,-,-,-,S,G,Y,G,L,S,W,V,R,Q,A,P,G,K,G,L,E,W,V,A,M,I,S,S,G,-,-,G,S,Y,T,Y,Y,A,D,S,V,K,-,G,R,F,A,I,S,R,D,N,A,K,N,T,L,F,L,Q,M,D,S,L,R,P,E,D,T,G,V,Y,F,C,A,R,H,G,D,D,-,-,-,-,-,-,-,-,-,-,-,P,A,W,F,A,Y,W,G,Q,G,T,P,V,T,V,S,S
fasinumab,0,human,H,7.5e-57,182.1,0,118,,,0.00,,0.00,Q,V,Q,L,V,Q,S,G,A,-,E,V,K,K,P,G,A,S,V,K,V,S,C,K,V,S,G,F,T,L,-,-,-,-,T,E,L,S,I,H,W,V,R,Q,A,P,G,K,G,L,E,W,M,G,G,F,D,P,E,-,-,D,G,E,T,I,Y,A,Q,K,F,Q,-,G,R,V,T,M,T,E,D,T,S,T,D,T,A,Y,M,E,L,T,S,L,R,S,E,D,T,A,V,Y,Y,C,S,T,I,F,G,V,-,-,-,-,-,-,-,-,-,-,-,V,T,N,F,D,N,W,G,Q,G,T,L,V,T,V,S,S
fezakinumab,0,human,H,4.2e-57,182.9,0,120,,,0.00,,0.00,Q,V,Q,L,V,Q,S,G,A,-,E,V,K,K,P,G,A,S,V,K,V,S,C,K,A,S,G,Y,T,F,-,-,-,-,T,N,Y,Y,M,H,W,V,R,Q,A,P,G,Q,G,L,E,W,V,G,W,I,N,P,Y,-,-,T,G,S,A,F,Y,A,Q,K,F,R,-,G,R,V,T,M,T,R,D,T,S,I,S,T,A,Y,M,E,L,S,R,L,R,S,D,D,T,A,V,Y,Y,C,A,R,E,P,E,K,F,-,-,-,-,-,-,-,-,-,D,S,D,D,S,D,V,W,G,R,G,T,L,V,T,V,S,S
ficlatuzumab,0,mouse,H,1.7e-60,193.7,0,117,,,0.00,,0.00,Q,V,Q,L,V,Q,P,G,A,-,E,V,K,K,P,G,T,S,V,K,L,S,C,K,A,S,G,Y,T,F,-,-,-,-,T,T,Y,W,M,H,W,V,R,Q,A,P,G,Q,G,L,E,W,I,G,E,I,N,P,T,-,-,N,G,H,T,N,Y,N,Q,K,F,Q,-,G,R,A,T,L,T,V,D,K,S,T,S,T,A,Y,M,E,L,S,S,L,R,S,E,D,T,A,V,Y,Y,C,A,R,N,Y,V,G,-,-,-,-,-,-,-,-,-,-,-,-,S,I,F,D,Y,W,G,Q,G,T,L,L,T,V,S,S
figitumumab,0,human,H,3.9e-58,186.3,0,124,,,0.00,,0.00,E,V,Q,L,L,E,S,G,G,-,G,L,V,Q,P,G,G,S,L,R,L,S,C,T,A,S,G,F,T,F,-,-,-,-,S,S,Y,A,M,N,W,V,R,Q,A,P,G,K,G,L,E,W,V,S,A,I,S,G,S,-,-,G,G,T,T,F,Y,A,D,S,V,K,-,G,R,F,T,I,S,R,D,N,S,R,T,T,L,Y,L,Q,M,N,S,L,R,A,E,D,T,A,V,Y,Y,C,A,K,D,L,G,W,S,D,S,-,-,-,-,-,Y,Y,Y,Y,Y,G,M,D,V,W,G,Q,G,T,T,V,T,V,S,S
fletikumab,0,human,H,5.4e-54,172.9,0,126,,,0.00,,0.00,Q,V,Q,L,V,Q,S,G,A,-,E,V,K,R,P,G,A,S,V,K,V,S,C,K,A,S,G,Y,T,F,-,-,-,-,T,N,D,I,I,H,W,V,R,Q,A,P,G,Q,R,L,E,W,M,G,W,I,N,A,G,-,-,Y,G,N,T,Q,Y,S,Q,N,F,Q,-,D,R,V,S,I,T,R,D,T,S,A,S,T,A,Y,M,E,L,I,S,L,R,S,E,D,T,A,V,Y,Y,C,A,R,E,P,L,W,F,G,E,S,-,-,-,S,P,H,D,Y,Y,G,M,D,V,W,G,Q,G,T,T,V,T,V,S,S
foralumab,0,human,H,9e-61,194.8,0,117,,,0.00,,0.00,Q,V,Q,L,V,E,S,G,G,-,G,V,V,Q,P,G,R,S,L,R,L,S,C,A,A,S,G,F,K,F,-,-,-,-,S,G,Y,G,M,H,W,V,R,Q,A,P,G,K,G,L,E,W,V,A,V,I,W,Y,D,-,-,G,S,K,K,Y,Y,V,D,S,V,K,-,G,R,F,T,I,S,R,D,N,S,K,N,T,L,Y,L,Q,M,N,S,L,R,A,E,D,T,A,V,Y,Y,C,A,R,Q,M,G,Y,-,-,-,-,-,-,-,-,-,-,-,-,W,H,F,D,L,W,G,R,G,T,L,V,T,V,S,S
fresolimumab,0,human,H,5.1e-56,179.4,0,119,,,0.00,,0.00,Q,V,Q,L,V,Q,S,G,A,-,E,V,K,K,P,G,S,S,V,K,V,S,C,K,A,S,G,Y,T,F,-,-,-,-,S,S,N,V,I,S,W,V,R,Q,A,P,G,Q,G,L,E,W,M,G,G,V,I,P,I,-,-,V,D,I,A,N,Y,A,Q,R,F,K,-,G,R,V,T,I,T,A,D,E,S,T,S,T,T,Y,M,E,L,S,S,L,R,S,E,D,T,A,V,Y,Y,C,A,S,T,L,G,L,V,-,-,-,-,-,-,-,-,-,-,L,D,A,M,D,Y,W,G,Q,G,T,L,V,T,V,S,S
fulranumab,0,human,H,4.4e-57,182.9,0,122,,,0.00,,0.00,E,V,Q,L,V,E,S,G,G,-,G,L,V,Q,P,G,G,S,L,R,L,S,C,A,A,S,G,F,T,L,-,-,-,-,R,S,Y,S,M,N,W,V,R,Q,A,P,G,K,G,L,E,W,V,S,Y,I,S,R,S,-,-,S,H,T,I,F,Y,A,D,S,V,K,-,G,R,F,T,I,S,R,D,N,A,K,N,S,L,Y,L,Q,M,D,S,L,R,D,E,D,T,A,M,Y,Y,C,A,R,V,Y,S,S,G,W,-,-,-,-,-,-,-,H,V,S,D,Y,F,D,Y,W,G,Q,G,I,L,V,T,V,S,S
galiximab,0,human,H,9.2e-53,168.9,0,126,,,0.00,,0.00,Q,V,Q,L,Q,E,S,G,P,-,G,L,V,K,P,S,E,T,L,S,L,T,C,A,V,S,G,G,S,I,S,-,-,-,G,G,Y,G,W,G,W,I,R,Q,P,P,G,K,G,L,E,W,I,G,S,F,Y,S,S,-,-,S,G,N,T,Y,Y,N,P,S,L,K,-,S,Q,V,T,I,S,T,D,T,S,K,N,Q,F,S,L,K,L,N,S,M,T,A,A,D,T,A,V,Y,Y,C,V,R,D,R,L,F,S,V,V,G,-,-,-,-,M,V,Y,N,N,W,F,D,V,W,G,P,G,V,L,V,T,V,S,S
ganitumab,0,human,H,1.5e-58,187.7,0,118,,,0.00,,0.00,Q,V,Q,L,Q,E,S,G,P,-,G,L,V,K,P,S,G,T,L,S,L,T,C,A,V,S,G,G,S,I,S,-,-,-,S,S,N,W,W,S,W,V,R,Q,P,P,G,K,G,L,E,W,I,G,E,I,Y,H,S,-,-,-,G,S,T,N,Y,N,P,S,L,K,-,S,R,V,T,I,S,V,D,K,S,K,N,Q,F,S,L,K,L,S,S,V,T,A,A,D,T,A,V,Y,Y,C,A,R,W,T,G,R,-,-,-,-,-,-,-,-,-,-,-,T,D,A,F,D,I,W,G,Q,G,T,M,V,T,V,S,S
gantenerumab,0,human,H,4.1e-61,195.9,0,125,,,0.00,,0.00,Q,V,E,L,V,E,S,G,G,-,G,L,V,Q,P,G,G,S,L,R,L,S,C,A,A,S,G,F,T,F,-,-,-,-,S,S,Y,A,M,S,W,V,R,Q,A,P,G,K,G,L,E,W,V,S,A,I,N,A,S,-,-,G,T,R,T,Y,Y,A,D,S,V,K,-,G,R,F,T,I,S,R,D,N,S,K,N,T,L,Y,L,Q,M,N,S,L,R,A,E,D,T,A,V,Y,Y,C,A,R,G,K,G,N,T,H,K,P,-,-,-,-,Y,G,Y,V,R,Y,F,D,V,W,G,Q,G,T,L,V,T,V,S,S
gemtuzumab,0,mouse,H,4.5e-54,173.0,0,115,,,0.00,,0.00,E,V,Q,L,V,Q,S,G,A,-,E,V,K,K,P,G,S,S,V,K,V,S,C,K,A,S,G,Y,T,I,-,-,-,-,T,D,S,N,I,H,W,V,R,Q,A,P,G,Q,S,L,E,W,I,G,Y,I,Y,P,Y,-,-,N,G,G,T,D,Y,N,Q,K,F,K,-,N,R,A,T,L,T,V,D,N,P,T,N,T,A,Y,M,E,L,S,S,L,R,S,E,D,T,A,F,Y,Y,C,V,N,G,N,P,-,-,-,-,-,-,-,-,-,-,-,-,-,-,W,L,A,Y,W,G,Q,G,T,L,V,T,V,S,S
gevokizumab,0,human,H,3.5e-53,170.3,0,119,,,0.00,,0.00,Q,V,Q,L,Q,E,S,G,P,-,G,L,V,K,P,S,Q,T,L,S,L,T,C,S,F,S,G,F,S,L,S,-,-,T,S,G,M,G,V,G,W,I,R,Q,P,S,G,K,G,L,E,W,L,A,H,I,W,W,D,-,-,-,G,D,E,S,Y,N,P,S,L,K,-,S,R,L,T,I,S,K,D,T,S,K,N,Q,V,S,L,K,I,T,S,V,T,A,A,D,T,A,V,Y,F,C,A,R,N,R,Y,D,-,-,-,-,-,-,-,-,-,-,-,P,P,W,F,V,D,W,G,Q,G,T,L,V,T,V,S,S
girentuximab,0,human,H,5e-53,169.8,0,118,,,0.00,,0.00,D,V,K,L,V,E,S,G,G,-,G,L,V,K,L,G,G,S,L,K,L,S,C,A,A,S,G,F,T,F,-,-,-,-,S,N,Y,Y,M,S,W,V,R,Q,T,P,E,K,R,L,E,L,V,A,A,I,N,S,D,-,-,G,G,I,T,Y,Y,L,D,T,V,K,-,G,R,F,T,I,S,R,D,N,A,K,N,T,L,Y,L,Q,M,S,S,L,K,S,E,D,T,A,L,F,Y,C,A,R,H,R,S,G,-,-,-,-,-,-,-,-,-,-,-,Y,F,S,M,D,Y,W,G,Q,G,T,S,V,T,V,S,S
glembatumumab,0,human,H,2.5e-55,177.2,0,118,,,0.00,,0.00,Q,V,Q,L,Q,E,S,G,P,-,G,L,V,K,P,S,Q,T,L,S,L,T,C,T,V,S,G,G,S,I,S,-,-,S,F,N,Y,Y,W,S,W,I,R,H,H,P,G,K,G,L,E,W,I,G,Y,I,Y,Y,S,-,-,-,G,S,T,Y,S,N,P,S,L,K,-,S,R,V,T,I,S,V,D,T,S,K,N,Q,F,S,L,T,L,S,S,V,T,A,A,D,T,A,V,Y,Y,C,A,R,G,Y,N,W,-,-,-,-,-,-,-,-,-,-,-,-,N,Y,F,D,Y,W,G,Q,G,T,L,V,T,V,S,S
golimumab,0,human,H,2.5e-59,190.1,0,125,,,0.00,,0.00,Q,V,Q,L,V,E,S,G,G,-,G,V,V,Q,P,G,R,S,L,R,L,S,C,A,A,S,G,F,I,F,-,-,-,-,S,S,Y,A,M,H,W,V,R,Q,A,P,G,N,G,L,E,W,V,A,F,M,S,Y,D,-,-,G,S,N,K,K,Y,A,D,S,V,K,-,G,R,F,T,I,S,R,D,N,S,K,N,T,L,Y,L,Q,M,N,S,L,R,A,E,D,T,A,V,Y,Y,C,A,R,D,R,G,I,A,A,G,G,-,-,-,-,N,Y,Y,Y,Y,G,M,D,V,W,G,Q,G,T,T,V,T,V,S,S
guselkumab,0,human,H,1e-56,181.7,0,116,,,0.00,,0.00,E,V,Q,L,V,Q,S,G,A,-,E,V,K,K,P,G,E,S,L,K,I,S,C,K,G,S,G,Y,S,F,-,-,-,-,S,N,Y,W,I,G,W,V,R,Q,M,P,G,K,G,L,E,W,M,G,I,I,D,P,S,-,-,N,S,Y,T,R,Y,S,P,S,F,Q,-,G,Q,V,T,I,S,A,D,K,S,I,S,T,A,Y,L,Q,W,S,S,L,K,A,S,D,T,A,M,Y,Y,C,A,R,W,Y,Y,-,-,-,-,-,-,-,-,-,-,-,-,-,K,P,F,D,V,W,G,Q,G,T,L,V,T,V,S,S
ibalizumab,0,mouse,H,8.8e-60,191.4,0,121,,,0.00,,0.00,Q,V,Q,L,Q,Q,S,G,P,-,E,V,V,K,P,G,A,S,V,K,M,S,C,K,A,S,G,Y,T,F,-,-,-,-,T,S,Y,V,I,H,W,V,R,Q,K,P,G,Q,G,L,D,W,I,G,Y,I,N,P,Y,-,-,N,D,G,T,D,Y,D,E,K,F,K,-,G,K,A,T,L,T,S,D,T,S,T,S,T,A,Y,M,E,L,S,S,L,R,S,E,D,T,A,V,Y,Y,C,A,R,E,K,D,N,Y,A,-,-,-,-,-,-,-,-,T,G,A,W,F,A,Y,W,G,Q,G,T,L,V,T,V,S,S
imgatuzumab,0,human,H,1.4e-58,187.7,0,119,,,0.00,,0.00,Q,V,Q,L,V,Q,S,G,A,-,E,V,K,K,P,G,S,S,V,K,V,S,C,K,A,S,G,F,T,F,-,-,-,-,T,D,Y,K,I,H,W,V,R,Q,A,P,G,Q,G,L,E,W,M,G,Y,F,N,P,N,-,-,S,G,Y,S,T,Y,A,Q,K,F,Q,-,G,R,V,T,I,T,A,D,K,S,T,S,T,A,Y,M,E,L,S,S,L,R,S,E,D,T,A,V,Y,Y,C,A,R,L,S,P,G,G,-,-,-,-,-,-,-,-,-,-,Y,Y,V,M,D,A,W,G,Q,G,T,T,V,T,V,S,S
infliximab,0,mouse,H,1.9e-54,174.2,0,119,,,0.00,,0.00,E,V,K,L,E,E,S,G,G,-,G,L,V,Q,P,G,G,S,M,K,L,S,C,V,A,S,G,F,I,F,-,-,-,-,S,N,H,W,M,N,W,V,R,Q,S,P,E,K,G,L,E,W,V,A,E,I,R,S,K,S,I,N,S,A,T,H,Y,A,E,S,V,K,-,G,R,F,T,I,S,R,D,D,S,K,S,A,V,Y,L,Q,M,T,D,L,R,T,E,D,T,G,V,Y,Y,C,S,R,N,Y,Y,G,-,-,-,-,-,-,-,-,-,-,-,-,S,T,Y,D,Y,W,G,Q,G,T,T,L,T,V,S,S
inotuzumab,0,mouse,H,4.8e-56,179.4,0,120,,,0.00,,0.00,E,V,Q,L,V,Q,S,G,A,-,E,V,K,K,P,G,A,S,V,K,V,S,C,K,A,S,G,Y,R,F,-,-,-,-,T,N,Y,W,I,H,W,V,R,Q,A,P,G,Q,G,L,E,W,I,G,G,I,N,P,G,-,-,N,N,Y,A,T,Y,R,R,K,F,Q,-,G,R,V,T,M,T,A,D,T,S,T,S,T,V,Y,M,E,L,S,S,L,R,S,E,D,T,A,V,Y,Y,C,T,R,E,G,Y,G,N,-,-,-,-,-,-,-,-,-,Y,G,A,W,F,A,Y,W,G,Q,G,T,L,V,T,V,S,S
ipilimumab,0,human,H,3.9e-63,202.5,0,117,,,0.00,,0.00,Q,V,Q,L,V,E,S,G,G,-,G,V,V,Q,P,G,R,S,L,R,L,S,C,A,A,S,G,F,T,F,-,-,-,-,S,S,Y,T,M,H,W,V,R,Q,A,P,G,K,G,L,E,W,V,T,F,I,S,Y,D,-,-,G,N,N,K,Y,Y,A,D,S,V,K,-,G,R,F,T,I,S,R,D,N,S,K,N,T,L,Y,L,Q,M,N,S,L,R,A,E,D,T,A,I,Y,Y,C,A,R,T,G,W,L,-,-,-,-,-,-,-,-,-,-,-,-,G,P,F,D,Y,W,G,Q,G,T,L,V,T,V,S,S
ixekizumab,0,human,H,1.4e-56,181.2,0,118,,,0.00,,0.00,Q,V,Q,L,V,Q,S,G,A,-,E,V,K,K,P,G,S,S,V,K,V,S,C,K,A,S,G,Y,S,F,-,-,-,-,T,D,Y,H,I,H,W,V,R,Q,A,P,G,Q,G,L,E,W,M,G,V,I,N,P,M,-,-,Y,G,T,T,D,Y,N,Q,R,F,K,-,G,R,V,T,I,T,A,D,E,S,T,S,T,A,Y,M,E,L,S,S,L,R,S,E,D,T,A,V,Y,Y,C,A,R,Y,D,Y,F,-,-,-,-,-,-,-,-,-,-,-,T,G,T,G,V,Y,W,G,Q,G,T,L,V,T,V,S,S
lampalizumab,0,human,H,3.2e-55,176.9,0,114,,,0.00,,0.00,E,V,Q,L,V,Q,S,G,P,-,E,L,K,K,P,G,A,S,V,K,V,S,C,K,A,S,G,Y,T,F,-,-,-,-,T,N,Y,G,M,N,W,V,R,Q,A,P,G,Q,G,L,E,W,M,G,W,I,N,T,Y,-,-,T,G,E,T,T,Y,A,D,D,F,K,-,G,R,F,V,F,S,L,D,T,S,V,S,T,A,Y,L,Q,I,S,S,L,K,A,E,D,T,A,V,Y,Y,C,E,R,E,G,-,-,-,-,-,-,-,-,-,-,-,-,-,-,-,G,V,N,N,W,G,Q,G,T,L,V,T,V,S,S
lebrikizumab,0,human,H,4.4e-50,160.2,0,117,,,0.00,,0.00,Q,V,T,L,R,E,S,G,P,-,A,L,V,K,P,T,Q,T,L,T,L,T,C,T,V,S,G,F,S,L,-,-,-,-,S,A,Y,S,V,N,W,I,R,Q,P,P,G,K,A,L,E,W,L,A,M,I,W,G,D,-,-,-,G,K,I,V,Y,N,S,A,L,K,-,S,R,L,T,I,S,K,D,T,S,K,N,Q,V,V,L,T,M,T,N,M,D,P,V,D,T,A,T,Y,Y,C,A,G,D,G,Y,Y,-,-,-,-,-,-,-,-,-,-,-,P,Y,A,M,D,N,W,G,Q,G,S,L,V,T,V,S,S
lenzilumab,0,human,H,2e-59,190.4,0,118,,,0.00,,0.00,Q,V,Q,L,V,Q,S,G,A,-,E,V,K,K,P,G,A,S,V,K,V,S,C,K,A,S,G,Y,S,F,-,-,-,-,T,N,Y,Y,I,H,W,V,R,Q,A,P,G,Q,R,L,E,W,M,G,W,I,N,A,G,-,-,N,G,N,T,K,Y,S,Q,K,F,Q,-,G,R,V,T,I,T,R,D,T,S,A,S,T,A,Y,M,E,L,S,S,L,R,S,E,D,T,A,V,Y,Y,C,V,R,R,Q,R,F,-,-,-,-,-,-,-,-,-,-,-,P,Y,Y,F,D,Y,W,G,Q,G,T,L,V,T,V,S,S
lintuzumab,0,mouse,H,2e-59,190.3,0,115,,,0.00,,0.00,Q,V,Q,L,V,Q,S,G,A,-,E,V,K,K,P,G,S,S,V,K,V,S,C,K,A,S,G,Y,T,F,-,-,-,-,T,D,Y,N,M,H,W,V,R,Q,A,P,G,Q,G,L,E,W,I,G,Y,I,Y,P,Y,-,-,N,G,G,T,G,Y,N,Q,K,F,K,-,S,K,A,T,I,T,A,D,E,S,T,N,T,A,Y,M,E,L,S,S,L,R,S,E,D,T,A,V,Y,Y,C,A,R,G,R,P,-,-,-,-,-,-,-,-,-,-,-,-,-,-,A,M,D,Y,W,G,Q,G,T,L,V,T,V,S,S
lirilumab,0,human,H,7.5e-55,175.7,0,122,,,0.00,,0.00,Q,V,Q,L,V,Q,S,G,A,-,E,V,K,K,P,G,S,S,V,K,V,S,C,K,A,S,G,G,T,F,-,-,-,-,S,F,Y,A,I,S,W,V,R,Q,A,P,G,Q,G,L,E,W,M,G,G,F,I,P,I,-,-,F,G,A,A,N,Y,A,Q,K,F,Q,-,G,R,V,T,I,T,A,D,E,S,T,S,T,A,Y,M,E,L,S,S,L,R,S,D,D,T,A,V,Y,Y,C,A,R,I,P,S,G,S,Y,-,-,-,-,-,-,-,Y,Y,D,Y,D,M,D,V,W,G,Q,G,T,T,V,T,V,S,S
lumiliximab,0,human,H,1.2e-54,175.0,0,117,,,0.00,,0.00,E,V,Q,L,V,E,S,G,G,-,G,L,A,K,P,G,G,S,L,R,L,S,C,A,A,S,G,F,R,F,T,-,-,F,N,N,Y,Y,M,D,W,V,R,Q,A,P,G,Q,G,L,E,W,V,S,R,I,S,S,S,-,-,G,D,P,T,W,Y,A,D,S,V,K,-,G,R,F,T,I,S,R,E,N,A,N,N,T,L,F,L,Q,M,N,S,L,R,A,E,D,T,A,V,Y,Y,C,A,S,L,T,T,-,-,-,-,-,-,-,-,-,-,-,-,-,-,G,S,D,S,W,G,Q,G,V,L,V,T,V,S,S
matuzumab,0,mouse,H,4.5e-59,189.2,0,120,,,0.00,,0.00,Q,V,Q,L,V,Q,S,G,A,-,E,V,K,K,P,G,A,S,V,K,V,S,C,K,A,S,G,Y,T,F,-,-,-,-,T,S,H,W,M,H,W,V,R,Q,A,P,G,Q,G,L,E,W,I,G,E,F,N,P,S,-,-,N,G,R,T,N,Y,N,E,K,F,K,-,S,K,A,T,M,T,V,D,T,S,T,N,T,A,Y,M,E,L,S,S,L,R,S,E,D,T,A,V,Y,Y,C,A,S,R,D,Y,D,Y,-,-,-,-,-,-,-,-,-,D,G,R,Y,F,D,Y,W,G,Q,G,T,L,V,T,V,S,S
mavrilimumab,0,human,H,1.1e-54,175.1,0,119,,,0.00,,0.00,Q,V,Q,L,V,Q,S,G,A,-,E,V,K,K,P,G,A,S,V,K,V,S,C,K,V,S,G,Y,T,L,-,-,-,-,T,E,L,S,I,H,W,V,R,Q,A,P,G,K,G,L,E,W,M,G,G,F,D,P,E,-,-,E,N,E,I,V,Y,A,Q,R,F,Q,-,G,R,V,T,M,T,E,D,T,S,T,D,T,A,Y,M,E,L,S,S,L,R,S,E,D,T,A,V,Y,Y,C,A,I,V,G,S,F,S,-,-,-,-,-,-,-,-,-,-,P,L,T,L,G,L,W,G,Q,G,T,M,V,T,V,S,S
mepolizumab,0,human,H,1.5e-50,161.8,0,118,,,0.00,,0.00,Q,V,T,L,R,E,S,G,P,-,A,L,V,K,P,T,Q,T,L,T,L,T,C,T,V,S,G,F,S,L,-,-,-,-,T,S,Y,S,V,H,W,V,R,Q,P,P,G,K,G,L,E,W,L,G,V,I,W,A,S,-,-,-,G,G,T,D,Y,N,S,A,L,M,-,S,R,L,S,I,S,K,D,T,S,R,N,Q,V,V,L,T,M,T,N,M,D,P,V,D,T,A,T,Y,Y,C,A,R,D,P,P,S,S,-,-,-,-,-,-,-,-,-,-,L,L,R,L,D,Y,W,G,R,G,T,P,V,T,V,S,S
mogamulizumab,0,human,H,8.7e-57,181.9,0,118,,,0.00,,0.00,E,V,Q,L,V,E,S,G,G,-,D,L,V,Q,P,G,R,S,L,R,L,S,C,A,A,S,G,F,I,F,-,-,-,-,S,N,Y,G,M,S,W,V,R,Q,A,P,G,K,G,L,E,W,V,A,T,I,S,S,A,-,-,S,T,Y,S,Y,Y,P,D,S,V,K,-,G,R,F,T,I,S,R,D,N,A,K,N,S,L,Y,L,Q,M,N,S,L,R,V,E,D,T,A,L,Y,Y,C,G,R,H,S,D,G,-,-,-,-,-,-,-,-,-,-,-,N,F,A,F,G,Y,W,G,Q,G,T,L,V,T,V,S,S
motavizumab,0,human,H,6.4e-53,169.4,0,119,,,0.00,,0.00,Q,V,T,L,R,E,S,G,P,-,A,L,V,K,P,T,Q,T,L,T,L,T,C,T,F,S,G,F,S,L,S,-,-,T,A,G,M,S,V,G,W,I,R,Q,P,P,G,K,A,L,E,W,L,A,D,I,W,W,D,-,-,-,D,K,K,H,Y,N,P,S,L,K,-,D,R,L,T,I,S,K,D,T,S,K,N,Q,V,V,L,K,V,T,N,M,D,P,A,D,T,A,T,Y,Y,C,A,R,D,M,I,F,-,-,-,-,-,-,-,-,-,-,-,N,F,Y,F,D,V,W,G,Q,G,T,T,V,T,V,S,S
muromonab,0,mouse,H,1.1e-61,197.6,0,118,,,0.00,,0.00,Q,V,Q,L,Q,Q,S,G,A,-,E,L,A,R,P,G,A,S,V,K,M,S,C,K,A,S,G,Y,T,F,-,-,-,-,T,R,Y,T,M,H,W,V,K,Q,R,P,G,Q,G,L,E,W,I,G,Y,I,N,P,S,-,-,R,G,Y,T,N,Y,N,Q,K,F,K,-,D,K,A,T,L,T,T,D,K,S,S,S,T,A,Y,M,Q,L,S,S,L,T,S,E,D,S,A,V,Y,Y,C,A,R,Y,Y,D,D,-,-,-,-,-,-,-,-,-,-,-,H,Y,C,L,D,Y,W,G,Q,G,T,T,L,T,V,S,S
natalizumab,0,human,H,1.8e-56,180.9,0,122,,,0.00,,0.00,Q,V,Q,L,V,Q,S,G,A,-,E,V,K,K,P,G,A,S,V,K,V,S,C,K,A,S,G,F,N,I,-,-,-,-,K,D,T,Y,I,H,W,V,R,Q,A,P,G,Q,R,L,E,W,M,G,R,I,D,P,A,-,-,N,G,Y,T,K,Y,D,P,K,F,Q,-,G,R,V,T,I,T,A,D,T,S,A,S,T,A,Y,M,E,L,S,S,L,R,S,E,D,T,A,V,Y,Y,C,A,R,E,G,Y,Y,G,N,-,-,-,-,-,-,-,Y,G,V,Y,A,M,D,Y,W,G,Q,G,T,L,V,T,V,S,S
necitumumab,0,human,H,6.5e-59,188.8,0,120,,,0.00,,0.00,Q,V,Q,L,Q,E,S,G,P,-,G,L,V,K,P,S,Q,T,L,S,L,T,C,T,V,S,G,G,S,I,S,-,-,S,G,D,Y,Y,W,S,W,I,R,Q,P,P,G,K,G,L,E,W,I,G,Y,I,Y,Y,S,-,-,-,G,S,T,D,Y,N,P,S,L,K,-,S,R,V,T,M,S,V,D,T,S,K,N,Q,F,S,L,K,V,N,S,V,T,A,A,D,T,A,V,Y,Y,C,A,R,V,S,I,F,G,-,-,-,-,-,-,-,-,-,-,V,G,T,F,D,Y,W,G,Q,G,T,L,V,T,V,S,S
nimotuzumab,0,mouse,H,6.6e-55,175.7,0,122,,,0.00,,0.00,Q,V,Q,L,Q,Q,S,G,A,-,E,V,K,K,P,G,S,S,V,K,V,S,C,K,A,S,G,Y,T,F,-,-,-,-,T,N,Y,Y,I,Y,W,V,R,Q,A,P,G,Q,G,L,E,W,I,G,G,I,N,P,T,-,-,S,G,G,S,N,F,N,E,K,F,K,-,T,R,V,T,I,T,A,D,E,S,S,T,T,A,Y,M,E,L,S,S,L,R,S,E,D,T,A,F,Y,F,C,T,R,Q,G,L,W,F,D,-,-,-,-,-,-,-,S,D,G,R,G,F,D,F,W,G,Q,G,T,T,V,T,V,S,S
nivolumab,0,human,H,6.9e-57,182.3,0,112,,,0.00,,0.00,Q,V,Q,L,V,E,S,G,G,-,G,V,V,Q,P,G,R,S,L,R,L,D,C,K,A,S,G,I,T,F,-,-,-,-,S,N,S,G,M,H,W,V,R,Q,A,P,G,K,G,L,E,W,V,A,V,I,W,Y,D,-,-,G,S,K,R,Y,Y,A,D,S,V,K,-,G,R,F,T,I,S,R,D,N,S,K,N,T,L,F,L,Q,M,N,S,L,R,A,E,D,T,A,V,Y,Y,C,A,T,N,-,-,-,-,-,-,-,-,-,-,-,-,-,-,-,-,-,D,D,Y,W,G,Q,G,T,L,V,T,V,S,S
obinutuzumab,0,human,H,3.8e-56,179.8,0,118,,,0.00,,0.00,Q,V,Q,L,V,Q,S,G,A,-,E,V,K,K,P,G,S,S,V,K,V,S,C,K,A,S,G,Y,A,F,-,-,-,-,S,Y,S,W,I,N,W,V,R,Q,A,P,G,Q,G,L,E,W,M,G,R,I,F,P,G,-,-,D,G,D,T,D,Y,N,G,K,F,K,-,G,R,V,T,I,T,A,D,K,S,T,S,T,A,Y,M,E,L,S,S,L,R,S,E,D,T,A,V,Y,Y,C,A,R,N,V,F,D,-,-,-,-,-,-,-,-,-,-,-,G,Y,W,L,V,Y,W,G,Q,G,T,L,V,T,V,S,S
ocrelizumab,0,human,H,2.6e-62,199.8,0,121,,,0.00,,0.00,E,V,Q,L,V,E,S,G,G,-,G,L,V,Q,P,G,G,S,L,R,L,S,C,A,A,S,G,Y,T,F,-,-,-,-,T,S,Y,N,M,H,W,V,R,Q,A,P,G,K,G,L,E,W,V,G,A,I,Y,P,G,-,-,N,G,D,T,S,Y,N,Q,K,F,K,-,G,R,F,T,I,S,V,D,K,S,K,N,T,L,Y,L,Q,M,N,S,L,R,A,E,D,T,A,V,Y,Y,C,A,R,V,V,Y,Y,S,N,-,-,-,-,-,-,-,-,S,Y,W,Y,F,D,V,W,G,Q,G,T,L,V,T,V,S,S
ofatumumab,0,human,H,1.1e-59,191.3,0,121,,,0.00,,0.00,E,V,Q,L,V,E,S,G,G,-,G,L,V,Q,P,G,R,S,L,R,L,S,C,A,A,S,G,F,T,F,-,-,-,-,N,D,Y,A,M,H,W,V,R,Q,A,P,G,K,G,L,E,W,V,S,T,I,S,W,N,-,-,S,G,S,I,G,Y,A,D,S,V,K,-,G,R,F,T,I,S,R,D,N,A,K,K,S,L,Y,L,Q,M,N,S,L,R,A,E,D,T,A,L,Y,Y,C,A,K,D,I,Q,Y,G,N,-,-,-,-,-,-,-,-,Y,Y,Y,G,M,D,V,W,G,Q,G,T,T,V,T,V,S,S
olaratumab,0,human,H,1.3e-51,165.1,0,126,,,0.00,,0.00,Q,L,Q,L,Q,E,S,G,P,-,G,L,V,K,P,S,E,T,L,S,L,T,C,T,V,S,G,G,S,I,N,-,-,S,S,S,Y,Y,W,G,W,L,R,Q,S,P,G,K,G,L,E,W,I,G,S,F,F,Y,T,-,-,-,G,S,T,Y,Y,N,P,S,L,R,-,S,R,L,T,I,S,V,D,T,S,K,N,Q,F,S,L,M,L,S,S,V,T,A,A,D,T,A,V,Y,Y,C,A,R,Q,S,T,Y,Y,Y,G,S,-,-,-,-,G,N,Y,Y,G,W,F,D,R,W,D,Q,G,T,L,V,T,V,S,S
olokizumab,0,human,H,2.7e-58,186.8,0,119,,,0.00,,0.00,E,V,Q,L,V,E,S,G,G,-,G,L,V,Q,P,G,G,S,L,R,L,S,C,A,A,S,G,F,N,F,-,-,-,-,N,D,Y,F,M,N,W,V,R,Q,A,P,G,K,G,L,E,W,V,A,Q,M,R,N,K,N,Y,Q,Y,G,T,Y,Y,A,E,S,L,E,-,G,R,F,T,I,S,R,D,D,S,K,N,S,L,Y,L,Q,M,N,S,L,K,T,E,D,T,A,V,Y,Y,C,A,R,E,S,Y,Y,-,-,-,-,-,-,-,-,-,-,-,-,G,F,T,S,Y,W,G,Q,G,T,L,V,T,V,S,S
omalizumab,0,human,H,3e-60,193.1,0,120,,,0.00,,0.00,E,V,Q,L,V,E,S,G,G,-,G,L,V,Q,P,G,G,S,L,R,L,S,C,A,V,S,G,Y,S,I,T,-,-,-,S,G,Y,S,W,N,W,I,R,Q,A,P,G,K,G,L,E,W,V,A,S,I,T,Y,D,-,-,-,G,S,T,N,Y,N,P,S,L,K,-,G,R,I,T,I,S,R,D,D,S,K,N,T,F,Y,L,Q,M,N,S,L,R,A,E,D,T,A,V,Y,Y,C,A,R,G,S,H,Y,F,-,-,-,-,-,-,-,-,-,G,H,W,H,F,A,V,W,G,Q,G,T,L,V,T,V,S,S
onartuzumab,0,human,H,4.3e-60,192.6,0,118,,,0.00,,0.00,E,V,Q,L,V,E,S,G,G,-,G,L,V,Q,P,G,G,S,L,R,L,S,C,A,A,S,G,Y,T,F,-,-,-,-,T,S,Y,W,L,H,W,V,R,Q,A,P,G,K,G,L,E,W,V,G,M,I,D,P,S,-,-,N,S,D,T,R,F,N,P,N,F,K,-,D,R,F,T,I,S,A,D,T,S,K,N,T,A,Y,L,Q,M,N,S,L,R,A,E,D,T,A,V,Y,Y,C,A,T,Y,R,S,Y,-,-,-,-,-,-,-,-,-,-,-,V,T,P,L,D,Y,W,G,Q,G,T,L,V,T,V,S,S
otelixizumab,0,human,H,7.7e-61,195.0,0,118,,,0.00,,0.00,E,V,Q,L,L,E,S,G,G,-,G,L,V,Q,P,G,G,S,L,R,L,S,C,A,A,S,G,F,T,F,-,-,-,-,S,S,F,P,M,A,W,V,R,Q,A,P,G,K,G,L,E,W,V,S,T,I,S,T,S,-,-,G,G,R,T,Y,Y,R,D,S,V,K,-,G,R,F,T,I,S,R,D,N,S,K,N,T,L,Y,L,Q,M,N,S,L,R,A,E,D,T,A,V,Y,Y,C,A,K,F,R,Q,Y,-,-,-,-,-,-,-,-,-,-,-,S,G,G,F,D,Y,W,G,Q,G,T,L,V,T,V,S,S
otlertuzumab,0,human,H,7.4e-56,178.9,0,115,,,0.00,,0.00,E,V,Q,L,V,Q,S,G,A,-,E,V,K,K,P,G,E,S,L,K,I,S,C,K,G,S,G,Y,S,F,-,-,-,-,T,G,Y,N,M,N,W,V,R,Q,M,P,G,K,G,L,E,W,M,G,N,I,D,P,Y,-,-,Y,G,G,T,T,Y,N,R,K,F,K,-,G,Q,V,T,I,S,A,D,K,S,I,S,T,A,Y,L,Q,W,S,S,L,K,A,S,D,T,A,M,Y,Y,C,A,R,S,V,G,-,-,-,-,-,-,-,-,-,-,-,-,-,-,P,F,D,S,W,G,Q,G,T,L,V,T,V,S,S
ozanezumab,0,mouse,H,3.3e-56,179.9,0,112,,,0.00,,0.00,Q,V,Q,L,V,Q,S,G,A,-,E,V,K,K,P,G,A,S,V,K,V,S,C,K,A,S,G,Y,T,F,-,-,-,-,T,S,Y,W,M,H,W,V,R,Q,A,P,G,Q,G,L,E,W,I,G,N,I,N,P,S,-,-,N,G,G,T,N,Y,N,E,K,F,K,-,S,K,A,T,M,T,R,D,T,S,T,S,T,A,Y,M,E,L,S,S,L,R,S,E,D,T,A,V,Y,Y,C,E,L,M,-,-,-,-,-,-,-,-,-,-,-,-,-,-,-,-,-,Q,G,Y,W,G,Q,G,T,L,V,T,V,S,S
palivizumab,0,human,H,3.9e-52,166.9,0,119,,,0.00,,0.00,Q,V,T,L,R,E,S,G,P,-,A,L,V,K,P,T,Q,T,L,T,L,T,C,T,F,S,G,F,S,L,S,-,-,T,S,G,M,S,V,G,W,I,R,Q,P,P,G,K,A,L,E,W,L,A,D,I,W,W,D,-,-,-,D,K,K,D,Y,N,P,S,L,K,-,S,R,L,T,I,S,K,D,T,S,K,N,Q,V,V,L,K,V,T,N,M,D,P,A,D,T,A,T,Y,Y,C,A,R,S,M,I,T,-,-,-,-,-,-,-,-,-,-,-,N,W,Y,F,D,V,W,G,A,G,T,T,V,T,V,S,S
panitumumab,0,human,H,3.8e-56,179.8,0,118,,,0.00,,0.00,Q,V,Q,L,Q,E,S,G,P,-,G,L,V,K,P,S,E,T,L,S,L,T,C,T,V,S,G,G,S,V,S,-,-,S,G,D,Y,Y,W,T,W,I,R,Q,S,P,G,K,G,L,E,W,I,G,H,I,Y,Y,S,-,-,-,G,N,T,N,Y,N,P,S,L,K,-,S,R,L,T,I,S,I,D,T,S,K,T,Q,F,S,L,K,L,S,S,V,T,A,A,D,T,A,I,Y,Y,C,V,R,D,R,V,T,-,-,-,-,-,-,-,-,-,-,-,-,G,A,F,D,I,W,G,Q,G,T,M,V,T,V,S,S
panobacumab,0,human,H,7.4e-57,182.1,0,115,,,0.00,,0.00,E,E,Q,V,V,E,S,G,G,-,G,F,V,Q,P,G,G,S,L,R,L,S,C,A,A,S,G,F,T,F,-,-,-,-,S,P,Y,W,M,H,W,V,R,Q,A,P,G,K,G,L,V,W,V,S,R,I,N,S,D,-,-,-,G,S,T,Y,Y,A,D,S,V,K,-,G,R,F,T,I,S,R,D,N,A,R,N,T,L,Y,L,Q,M,N,S,L,R,A,E,D,T,A,V,Y,Y,C,A,R,D,R,Y,-,-,-,-,-,-,-,-,-,-,-,-,-,Y,G,P,E,M,W,G,Q,G,T,M,V,T,V,S,S
parsatuzumab,0,human,H,5.7e-61,195.4,0,122,,,0.00,,0.00,E,V,Q,L,V,E,S,G,G,-,G,L,V,Q,P,G,G,S,L,R,L,S,C,A,A,S,G,Y,T,F,-,-,-,-,I,D,Y,Y,M,N,W,V,R,Q,A,P,G,K,G,L,E,W,V,G,D,I,N,L,D,-,-,N,S,G,T,H,Y,N,Q,K,F,K,-,G,R,F,T,I,S,R,D,K,S,K,N,T,A,Y,L,Q,M,N,S,L,R,A,E,D,T,A,V,Y,Y,C,A,R,E,G,V,Y,H,D,-,-,-,-,-,-,-,Y,D,D,Y,A,M,D,Y,W,G,Q,G,T,L,V,T,V,S,S
patritumab,0,human,H,1.6e-55,177.8,0,116,,,0.00,,0.00,Q,V,Q,L,Q,Q,W,G,A,-,G,L,L,K,P,S,E,T,L,S,L,T,C,A,V,Y,G,G,S,F,-,-,-,-,S,G,Y,Y,W,S,W,I,R,Q,P,P,G,K,G,L,E,W,I,G,E,I,N,H,S,-,-,-,G,S,T,N,Y,N,P,S,L,K,-,S,R,V,T,I,S,V,E,T,S,K,N,Q,F,S,L,K,L,S,S,V,T,A,A,D,T,A,V,Y,Y,C,A,R,D,K,W,T,-,-,-,-,-,-,-,-,-,-,-,-,W,Y,F,D,L,W,G,R,G,T,L,V,T,V,S,S
pembrolizumab,0,mouse,H,6.1e-57,182.3,0,119,,,0.00,,0.00,Q,V,Q,L,V,Q,S,G,V,-,E,V,K,K,P,G,A,S,V,K,V,S,C,K,A,S,G,Y,T,F,-,-,-,-,T,N,Y,Y,M,Y,W,V,R,Q,A,P,G,Q,G,L,E,W,M,G,G,I,N,P,S,-,-,N,G,G,T,N,F,N,E,K,F,K,-,N,R,V,T,L,T,T,D,S,S,T,T,T,A,Y,M,E,L,K,S,L,Q,F,D,D,T,A,V,Y,Y,C,A,R,R,D,Y,R,F,-,-,-,-,-,-,-,-,-,-,D,M,G,F,D,Y,W,G,Q,G,T,T,V,T,V,S,S
pertuzumab,0,human,H,5.2e-60,192.3,0,118,,,0.00,,0.00,E,V,Q,L,V,E,S,G,G,-,G,L,V,Q,P,G,G,S,L,R,L,S,C,A,A,S,G,F,T,F,-,-,-,-,T,D,Y,T,M,D,W,V,R,Q,A,P,G,K,G,L,E,W,V,A,D,V,N,P,N,-,-,S,G,G,S,I,Y,N,Q,R,F,K,-,G,R,F,T,L,S,V,D,R,S,K,N,T,L,Y,L,Q,M,N,S,L,R,A,E,D,T,A,V,Y,Y,C,A,R,N,L,G,P,-,-,-,-,-,-,-,-,-,-,-,S,F,Y,F,D,Y,W,G,Q,G,T,L,V,T,V,S,S
pinatuzumab,0,human,H,1.9e-61,197.0,0,119,,,0.00,,0.00,E,V,Q,L,V,E,S,G,G,-,G,L,V,Q,P,G,G,S,L,R,L,S,C,A,A,S,G,Y,E,F,-,-,-,-,S,R,S,W,M,N,W,V,R,Q,A,P,G,K,G,L,E,W,V,G,R,I,Y,P,G,-,-,D,G,D,T,N,Y,S,G,K,F,K,-,G,R,F,T,I,S,A,D,T,S,K,N,T,A,Y,L,Q,M,N,S,L,R,A,E,D,T,A,V,Y,Y,C,A,R,D,G,S,S,W,-,-,-,-,-,-,-,-,-,-,D,W,Y,F,D,V,W,G,Q,G,T,L,V,T,V,S,S
polatuzumab,0,human,H,2.3e-58,187.0,0,116,,,0.00,,0.00,E,V,Q,L,V,E,S,G,G,-,G,L,V,Q,P,G,G,S,L,R,L,S,C,A,A,S,G,Y,T,F,-,-,-,-,S,S,Y,W,I,E,W,V,R,Q,A,P,G,K,G,L,E,W,I,G,E,I,L,P,G,-,-,G,G,D,T,N,Y,N,E,I,F,K,-,G,R,A,T,F,S,A,D,T,S,K,N,T,A,Y,L,Q,M,N,S,L,R,A,E,D,T,A,V,Y,Y,C,T,R,R,V,P,-,-,-,-,-,-,-,-,-,-,-,-,-,I,R,L,D,Y,W,G,Q,G,T,L,V,T,V,S,S
ponezumab,0,human,H,4.1e-53,170.1,0,115,,,0.00,,0.00,Q,V,Q,L,V,Q,S,G,A,-,E,V,K,K,P,G,A,S,V,K,V,S,C,K,A,S,G,Y,Y,T,-,-,-,-,E,A,Y,Y,I,H,W,V,R,Q,A,P,G,Q,G,L,E,W,M,G,R,I,D,P,A,-,-,T,G,N,T,K,Y,A,P,R,L,Q,-,D,R,V,T,M,T,R,D,T,S,T,S,T,V,Y,M,E,L,S,S,L,R,S,E,D,T,A,V,Y,Y,C,A,S,L,Y,S,-,-,-,-,-,-,-,-,-,-,-,-,-,-,L,P,V,Y,W,G,Q,G,T,T,V,T,V,S,S
radretumab,0,human,H,3e-61,196.3,0,115,,,0.00,,0.00,E,V,Q,L,L,E,S,G,G,-,G,L,V,Q,P,G,G,S,L,R,L,S,C,A,A,S,G,F,T,F,-,-,-,-,S,S,F,S,M,S,W,V,R,Q,A,P,G,K,G,L,E,W,V,S,S,I,S,G,S,-,-,S,G,T,T,Y,Y,A,D,S,V,K,-,G,R,F,T,I,S,R,D,N,S,K,N,T,L,Y,L,Q,M,N,S,L,R,A,E,D,T,A,V,Y,Y,C,A,K,P,F,P,-,-,-,-,-,-,-,-,-,-,-,-,-,-,Y,F,D,Y,W,G,Q,G,T,L,V,T,V,S,S
ramucirumab,0,human,H,2.5e-61,196.6,0,115,,,0.00,,0.00,E,V,Q,L,V,Q,S,G,G,-,G,L,V,K,P,G,G,S,L,R,L,S,C,A,A,S,G,F,T,F,-,-,-,-,S,S,Y,S,M,N,W,V,R,Q,A,P,G,K,G,L,E,W,V,S,S,I,S,S,S,-,-,S,S,Y,I,Y,Y,A,D,S,V,K,-,G,R,F,T,I,S,R,D,N,A,K,N,S,L,Y,L,Q,M,N,S,L,R,A,E,D,T,A,V,Y,Y,C,A,R,V,T,D,-,-,-,-,-,-,-,-,-,-,-,-,-,-,A,F,D,I,W,G,Q,G,T,M,V,T,V,S,S
ranibizumab,0,human,H,2.4e-57,183.7,0,122,,,0.00,,0.00,E,V,Q,L,V,E,S,G,G,-,G,L,V,Q,P,G,G,S,L,R,L,S,C,A,A,S,G,Y,D,F,-,-,-,-,T,H,Y,G,M,N,W,V,R,Q,A,P,G,K,G,L,E,W,V,G,W,I,N,T,Y,-,-,T,G,E,P,T,Y,A,A,D,F,K,-,R,R,F,T,F,S,L,D,T,S,K,S,T,A,Y,L,Q,M,N,S,L,R,A,E,D,T,A,V,Y,Y,C,A,K,Y,P,Y,Y,Y,G,-,-,-,-,-,-,-,T,S,H,W,Y,F,D,V,W,G,Q,G,T,L,V,T,V,S,S
reslizumab,0,human,H,1.4e-58,187.7,0,115,,,0.00,,0.00,E,V,Q,L,V,E,S,G,G,-,G,L,V,Q,P,G,G,S,L,R,L,S,C,A,V,S,G,L,S,L,-,-,-,-,T,S,N,S,V,N,W,I,R,Q,A,P,G,K,G,L,E,W,V,G,L,I,W,S,N,-,-,-,G,D,T,D,Y,N,S,A,I,K,-,S,R,F,T,I,S,R,D,T,S,K,S,T,V,Y,L,Q,M,N,S,L,R,A,E,D,T,A,V,Y,Y,C,A,R,E,Y,Y,-,-,-,-,-,-,-,-,-,-,-,-,-,G,Y,F,D,Y,W,G,Q,G,T,L,V,T,V,S,S
rilotumumab,0,human,H,1.3e-57,184.6,0,119,,,0.00,,0.00,Q,V,Q,L,Q,E,S,G,P,-,G,L,V,K,P,S,E,T,L,S,L,T,C,T,V,S,G,G,S,I,-,-,-,-,S,I,Y,Y,W,S,W,I,R,Q,P,P,G,K,G,L,E,W,I,G,Y,V,Y,Y,S,-,-,-,G,S,T,N,Y,N,P,S,L,K,-,S,R,V,T,I,S,V,D,T,S,K,N,Q,F,S,L,K,L,N,S,V,T,A,A,D,T,A,V,Y,Y,C,A,R,G,G,Y,D,F,-,-,-,-,-,-,-,-,-,W,S,G,Y,F,D,Y,W,G,Q,G,T,L,V,T,V,S,S
rituximab,0,mouse,H,1.1e-60,194.4,0,120,,,0.00,,0.00,Q,V,Q,L,Q,Q,P,G,A,-,E,L,V,K,P,G,A,S,V,K,M,S,C,K,A,S,G,Y,T,F,-,-,-,-,T,S,Y,N,M,H,W,V,K,Q,T,P,G,R,G,L,E,W,I,G,A,I,Y,P,G,-,-,N,G,D,T,S,Y,N,Q,K,F,K,-,G,K,A,T,L,T,A,D,K,S,S,S,T,A,Y,M,Q,L,S,S,L,T,S,E,D,S,A,V,Y,Y,C,A,R,S,T,Y,Y,G,-,-,-,-,-,-,-,-,-,G,D,W,Y,F,N,V,W,G,A,G,T,T,V,T,V,S,A
robatumumab,0,human,H,9.8e-62,197.9,0,117,,,0.00,,0.00,E,V,Q,L,V,Q,S,G,G,-,G,L,V,K,P,G,G,S,L,R,L,S,C,A,A,S,G,F,T,F,-,-,-,-,S,S,F,A,M,H,W,V,R,Q,A,P,G,K,G,L,E,W,I,S,V,I,D,T,R,-,-,-,G,A,T,Y,Y,A,D,S,V,K,-,G,R,F,T,I,S,R,D,N,A,K,N,S,L,Y,L,Q,M,N,S,L,R,A,E,D,T,A,V,Y,Y,C,A,R,L,G,N,F,-,-,-,-,-,-,-,-,-,-,-,Y,Y,G,M,D,V,W,G,Q,G,T,T,V,T,V,S,S
romosozumab,0,human,H,1.1e-57,184.8,0,122,,,0.00,,0.00,E,V,Q,L,V,Q,S,G,A,-,E,V,K,K,P,G,A,S,V,K,V,S,C,K,A,S,G,Y,T,F,-,-,-,-,T,D,Y,N,M,H,W,V,R,Q,A,P,G,Q,G,L,E,W,M,G,E,I,N,P,N,-,-,S,G,G,A,G,Y,N,Q,K,F,K,-,G,R,V,T,M,T,T,D,T,S,T,S,T,A,Y,M,E,L,R,S,L,R,S,D,D,T,A,V,Y,Y,C,A,R,L,G,Y,D,D,I,-,-,-,-,-,-,-,Y,D,D,W,Y,F,D,V,W,G,Q,G,T,T,V,T,V,S,S
sarilumab,0,human,H,1e-56,181.7,0,115,,,0.00,,0.00,E,V,Q,L,V,E,S,G,G,-,G,L,V,Q,P,G,R,S,L,R,L,S,C,A,A,S,R,F,T,F,-,-,-,-,D,D,Y,A,M,H,W,V,R,Q,A,P,G,K,G,L,E,W,V,S,G,I,S,W,N,-,-,S,G,R,I,G,Y,A,D,S,V,K,-,G,R,F,T,I,S,R,D,N,A,E,N,S,L,F,L,Q,M,N,G,L,R,A,E,D,T,A,L,Y,Y,C,A,K,G,R,D,-,-,-,-,-,-,-,-,-,-,-,-,-,-,S,F,D,I,W,G,Q,G,T,M,V,T,V,S,S
secukinumab,0,human,H,1.1e-57,184.8,0,126,,,0.00,,0.00,E,V,Q,L,V,E,S,G,G,-,G,L,V,Q,P,G,G,S,L,R,L,S,C,A,A,S,G,F,T,F,-,-,-,-,S,N,Y,W,M,N,W,V,R,Q,A,P,G,K,G,L,E,W,V,A,A,I,N,Q,D,-,-,G,S,E,K,Y,Y,V,G,S,V,K,-,G,R,F,T,I,S,R,D,N,A,K,N,S,L,Y,L,Q,M,N,S,L,R,V,E,D,T,A,V,Y,Y,C,V,R,D,Y,Y,D,I,L,T,D,-,-,-,Y,Y,I,H,Y,W,Y,F,D,L,W,G,R,G,T,L,V,T,V,S,S
seribantumab,0,human,H,1.1e-60,194.5,0,118,,,0.00,,0.00,E,V,Q,L,L,E,S,G,G,-,G,L,V,Q,P,G,G,S,L,R,L,S,C,A,A,S,G,F,T,F,-,-,-,-,S,H,Y,V,M,A,W,V,R,Q,A,P,G,K,G,L,E,W,V,S,S,I,S,S,S,-,-,G,G,W,T,L,Y,A,D,S,V,K,-,G,R,F,T,I,S,R,D,N,S,K,N,T,L,Y,L,Q,M,N,S,L,R,A,E,D,T,A,V,Y,Y,C,T,R,G,L,K,M,-,-,-,-,-,-,-,-,-,-,-,A,T,I,F,D,Y,W,G,Q,G,T,L,V,T,V,S,S
sifalimumab,0,human,H,2.4e-56,180.5,0,115,,,0.00,,0.00,Q,V,Q,L,V,Q,S,G,A,-,E,V,K,K,P,G,A,S,V,K,V,S,C,K,A,S,G,Y,T,F,-,-,-,-,T,S,Y,S,I,S,W,V,R,Q,A,P,G,Q,G,L,E,W,M,G,W,I,S,V,Y,-,-,N,G,N,T,N,Y,A,Q,K,F,Q,-,G,R,V,T,M,T,T,D,T,S,T,S,T,A,Y,L,E,L,R,S,L,R,S,D,D,T,A,V,Y,Y,C,A,R,D,P,I,-,-,-,-,-,-,-,-,-,-,-,-,-,-,A,A,G,Y,W,G,Q,G,T,L,V,T,V,S,S
siltuximab,0,human,H,1.3e-54,174.9,0,118,,,0.00,,0.00,E,V,Q,L,V,E,S,G,G,-,K,L,L,K,P,G,G,S,L,K,L,S,C,A,A,S,G,F,T,F,-,-,-,-,S,S,F,A,M,S,W,F,R,Q,S,P,E,K,R,L,E,W,V,A,E,I,S,S,G,-,-,G,S,Y,T,Y,Y,P,D,T,V,T,-,G,R,F,T,I,S,R,D,N,A,K,N,T,L,Y,L,E,M,S,S,L,R,S,E,D,T,A,M,Y,Y,C,A,R,G,L,W,G,-,-,-,-,-,-,-,-,-,-,-,Y,Y,A,L,D,Y,W,G,Q,G,T,S,V,T,V,S,S
simtuzumab,0,mouse,H,2.2e-58,186.9,0,115,,,0.00,,0.00,Q,V,Q,L,V,Q,S,G,A,-,E,V,K,K,P,G,A,S,V,K,V,S,C,K,A,S,G,Y,A,F,-,-,-,-,T,Y,Y,L,I,E,W,V,R,Q,A,P,G,Q,G,L,E,W,I,G,V,I,N,P,G,-,-,S,G,G,T,N,Y,N,E,K,F,K,-,G,R,A,T,I,T,A,D,K,S,T,S,T,A,Y,M,E,L,S,S,L,R,S,E,D,T,A,V,Y,F,C,A,R,N,W,M,-,-,-,-,-,-,-,-,-,-,-,-,-,-,N,F,D,Y,W,G,Q,G,T,T,V,T,V,S,S
sirukumab,0,human,H,4.7e-58,186.0,0,118,,,0.00,,0.00,E,V,Q,L,V,E,S,G,G,-,G,L,V,Q,P,G,G,S,L,R,L,S,C,A,A,S,G,F,T,F,-,-,-,-,S,P,F,A,M,S,W,V,R,Q,A,P,G,K,G,L,E,W,V,A,K,I,S,P,G,-,-,G,S,W,T,Y,Y,S,D,T,V,T,-,G,R,F,T,I,S,R,D,N,A,K,N,S,L,Y,L,Q,M,N,S,L,R,A,E,D,T,A,V,Y,Y,C,A,R,Q,L,W,G,-,-,-,-,-,-,-,-,-,-,-,Y,Y,A,L,D,I,W,G,Q,G,T,T,V,T,V,S,S
tabalumab,0,human,H,1.1e-55,178.4,0,122,,,0.00,,0.00,Q,V,Q,L,Q,Q,W,G,A,-,G,L,L,K,P,S,E,T,L,S,L,T,C,A,V,Y,G,G,S,F,-,-,-,-,S,G,Y,Y,W,S,W,I,R,Q,P,P,G,K,G,L,E,W,I,G,E,I,N,H,S,-,-,-,G,S,T,N,Y,N,P,S,L,K,-,S,R,V,T,I,S,V,D,T,S,K,N,Q,F,S,L,K,L,S,S,V,T,A,A,D,T,A,V,Y,Y,C,A,R,G,Y,Y,D,I,L,T,-,-,-,-,-,-,G,Y,Y,Y,Y,F,D,Y,W,G,Q,G,T,L,V,T,V,S,S
tanezumab,0,human,H,2e-55,177.5,0,120,,,0.00,,0.00,Q,V,Q,L,Q,E,S,G,P,-,G,L,V,K,P,S,E,T,L,S,L,T,C,T,V,S,G,F,S,L,-,-,-,-,I,G,Y,D,L,N,W,I,R,Q,P,P,G,K,G,L,E,W,I,G,I,I,W,G,D,-,-,-,G,T,T,D,Y,N,S,A,V,K,-,S,R,V,T,I,S,K,D,T,S,K,N,Q,F,S,L,K,L,S,S,V,T,A,A,D,T,A,V,Y,Y,C,A,R,G,G,Y,W,Y,A,-,-,-,-,-,-,-,-,T,S,Y,Y,F,D,Y,W,G,Q,G,T,L,V,T,V,S,S
teplizumab,0,human,H,7.4e-59,188.6,0,118,,,0.00,,0.00,Q,V,Q,L,V,Q,S,G,G,-,G,V,V,Q,P,G,R,S,L,R,L,S,C,K,A,S,G,Y,T,F,-,-,-,-,T,R,Y,T,M,H,W,V,R,Q,A,P,G,K,G,L,E,W,I,G,Y,I,N,P,S,-,-,R,G,Y,T,N,Y,N,Q,K,V,K,-,D,R,F,T,I,S,R,D,N,S,K,N,T,A,F,L,Q,M,D,S,L,R,P,E,D,T,G,V,Y,F,C,A,R,Y,Y,D,D,-,-,-,-,-,-,-,-,-,-,-,H,Y,C,L,D,Y,W,G,Q,G,T,P,V,T,V,S,S
tigatuzumab,0,human,H,1e-60,194.6,0,118,,,0.00,,0.00,E,V,Q,L,V,E,S,G,G,-,G,L,V,Q,P,G,G,S,L,R,L,S,C,A,A,S,G,F,T,F,-,-,-,-,S,S,Y,V,M,S,W,V,R,Q,A,P,G,K,G,L,E,W,V,A,T,I,S,S,G,-,-,G,S,Y,T,Y,Y,P,D,S,V,K,-,G,R,F,T,I,S,R,D,N,A,K,N,T,L,Y,L,Q,M,N,S,L,R,A,E,D,T,A,V,Y,Y,C,A,R,R,G,D,S,-,-,-,-,-,-,-,-,-,-,-,M,I,T,T,D,Y,W,G,Q,G,T,L,V,T,V,S,S
tildrakizumab,0,mouse,H,8.3e-56,178.6,0,115,,,0.00,,0.00,Q,V,Q,L,V,Q,S,G,A,-,E,V,K,K,P,G,A,S,V,K,V,S,C,K,A,S,G,Y,I,F,-,-,-,-,I,T,Y,W,M,T,W,V,R,Q,A,P,G,Q,G,L,E,W,M,G,Q,I,F,P,A,-,-,S,G,S,A,D,Y,N,E,K,F,E,-,G,R,V,T,M,T,T,D,T,S,T,S,T,A,Y,M,E,L,R,S,L,R,S,D,D,T,A,V,Y,Y,C,A,R,G,G,G,-,-,-,-,-,-,-,-,-,-,-,-,-,-,G,F,A,Y,W,G,Q,G,T,L,V,T,V,S,S
tocilizumab,0,human,H,3.1e-55,176.9,0,118,,,0.00,,0.00,Q,V,Q,L,Q,E,S,G,P,-,G,L,V,R,P,S,Q,T,L,S,L,T,C,T,V,S,G,Y,S,I,T,-,-,-,S,D,H,A,W,S,W,V,R,Q,P,P,G,R,G,L,E,W,I,G,Y,I,S,Y,S,-,-,-,G,I,T,T,Y,N,P,S,L,K,-,S,R,V,T,M,L,R,D,T,S,K,N,Q,F,S,L,R,L,S,S,V,T,A,A,D,T,A,V,Y,Y,C,A,R,S,L,A,R,-,-,-,-,-,-,-,-,-,-,-,T,T,A,M,D,Y,W,G,Q,G,S,L,V,T,V,S,S
tovetumab,0,human,H,3.7e-62,199.3,0,119,,,0.00,,0.00,Q,V,Q,L,V,E,S,G,G,-,G,L,V,K,P,G,G,S,L,R,L,S,C,A,A,S,G,F,T,F,-,-,-,-,S,D,Y,Y,M,N,W,I,R,Q,A,P,G,K,G,L,E,W,V,S,Y,I,S,S,S,-,-,G,S,I,I,Y,Y,A,D,S,V,K,-,G,R,F,T,I,S,R,D,N,A,K,N,S,L,Y,L,Q,M,N,S,L,R,A,E,D,T,A,V,Y,Y,C,A,R,E,G,R,I,A,-,-,-,-,-,-,-,-,-,-,A,R,G,M,D,V,W,G,Q,G,T,T,V,T,V,S,S
tralokinumab,0,human,H,7.8e-57,182.1,0,121,,,0.00,,0.00,Q,V,Q,L,V,Q,S,G,A,-,E,V,K,K,P,G,A,S,V,K,V,S,C,K,A,S,G,Y,T,F,-,-,-,-,T,N,Y,G,L,S,W,V,R,Q,A,P,G,Q,G,L,E,W,M,G,W,I,S,A,N,-,-,N,G,D,T,N,Y,G,Q,E,F,Q,-,G,R,V,T,M,T,T,D,T,S,T,S,T,A,Y,M,E,L,R,S,L,R,S,D,D,T,A,V,Y,Y,C,A,R,D,S,S,S,S,W,-,-,-,-,-,-,-,-,A,R,W,F,F,D,L,W,G,R,G,T,L,V,T,V,S,S
trastuzumab,0,human,H,2.6e-60,193.3,0,119,,,0.00,,0.00,E,V,Q,L,V,E,S,G,G,-,G,L,V,Q,P,G,G,S,L,R,L,S,C,A,A,S,G,F,N,I,-,-,-,-,K,D,T,Y,I,H,W,V,R,Q,A,P,G,K,G,L,E,W,V,A,R,I,Y,P,T,-,-,N,G,Y,T,R,Y,A,D,S,V,K,-,G,R,F,T,I,S,A,D,T,S,K,N,T,A,Y,L,Q,M,N,S,L,R,A,E,D,T,A,V,Y,Y,C,S,R,W,G,G,D,G,-,-,-,-,-,-,-,-,-,-,F,Y,A,M,D,Y,W,G,Q,G,T,L,V,T,V,S,S
tremelimumab,0,human,H,3.5e-61,196.1,0,124,,,0.00,,0.00,Q,V,Q,L,V,E,S,G,G,-,G,V,V,Q,P,G,R,S,L,R,L,S,C,A,A,S,G,F,T,F,-,-,-,-,S,S,Y,G,M,H,W,V,R,Q,A,P,G,K,G,L,E,W,V,A,V,I,W,Y,D,-,-,G,S,N,K,Y,Y,A,D,S,V,K,-,G,R,F,T,I,S,R,D,N,S,K,N,T,L,Y,L,Q,M,N,S,L,R,A,E,D,T,A,V,Y,Y,C,A,R,D,P,R,G,A,T,L,-,-,-,-,-,Y,Y,Y,Y,Y,G,M,D,V,W,G,Q,G,T,T,V,T,V,S,S
urelumab,0,human,H,7.8e-53,169.1,0,120,,,0.00,,0.00,Q,V,Q,L,Q,Q,W,G,A,-,G,L,L,K,P,S,E,T,L,S,L,T,C,A,V,Y,G,G,S,F,-,-,-,-,S,G,Y,Y,W,S,W,I,R,Q,S,P,E,K,G,L,E,W,I,G,E,I,N,H,G,-,-,-,G,Y,V,T,Y,N,P,S,L,E,-,S,R,V,T,I,S,V,D,T,S,K,N,Q,F,S,L,K,L,S,S,V,T,A,A,D,T,A,V,Y,Y,C,A,R,D,Y,G,P,G,N,-,-,-,-,-,-,-,-,Y,D,W,Y,F,D,L,W,G,R,G,T,L,V,T,V,S,S
ustekinumab,0,human,H,3.8e-54,173.4,0,118,,,0.00,,0.00,E,V,Q,L,V,Q,S,G,A,-,E,V,K,K,P,G,E,S,L,K,I,S,C,K,G,S,G,Y,S,F,-,-,-,-,T,T,Y,W,L,G,W,V,R,Q,M,P,G,K,G,L,D,W,I,G,I,M,S,P,V,-,-,D,S,D,I,R,Y,S,P,S,F,Q,-,G,Q,V,T,M,S,V,D,K,S,I,T,T,A,Y,L,Q,W,N,S,L,K,A,S,D,T,A,M,Y,Y,C,A,R,R,R,P,G,-,-,-,-,-,-,-,-,-,-,-,Q,G,Y,F,D,F,W,G,Q,G,T,L,V,T,V,S,S
vedolizumab,0,mouse,H,4.6e-58,185.9,0,120,,,0.00,,0.00,Q,V,Q,L,V,Q,S,G,A,-,E,V,K,K,P,G,A,S,V,K,V,S,C,K,G,S,G,Y,T,F,-,-,-,-,T,S,Y,W,M,H,W,V,R,Q,A,P,G,Q,R,L,E,W,I,G,E,I,D,P,S,-,-,E,S,N,T,N,Y,N,Q,K,F,K,-,G,R,V,T,L,T,V,D,I,S,A,S,T,A,Y,M,E,L,S,S,L,R,S,E,D,T,A,V,Y,Y,C,A,R,G,G,Y,D,G,-,-,-,-,-,-,-,-,-,W,D,Y,A,I,D,Y,W,G,Q,G,T,L,V,T,V,S,S
veltuzumab,0,mouse,H,4.4e-59,189.2,0,120,,,0.00,,0.00,Q,V,Q,L,Q,Q,S,G,A,-,E,V,K,K,P,G,S,S,V,K,V,S,C,K,A,S,G,Y,T,F,-,-,-,-,T,S,Y,N,M,H,W,V,K,Q,A,P,G,Q,G,L,E,W,I,G,A,I,Y,P,G,-,-,M,G,D,T,S,Y,N,Q,K,F,K,-,G,K,A,T,L,T,A,D,E,S,T,N,T,A,Y,M,E,L,S,S,L,R,S,E,D,T,A,F,Y,Y,C,A,R,S,T,Y,Y,G,-,-,-,-,-,-,-,-,-,G,D,W,Y,F,D,V,W,G,Q,G,T,T,V,T,V,S,S
visilizumab,0,mouse,H,2e-59,190.3,0,119,,,0.00,,0.00,Q,V,Q,L,V,Q,S,G,A,-,E,V,K,K,P,G,A,S,V,K,V,S,C,K,A,S,G,Y,T,F,-,-,-,-,I,S,Y,T,M,H,W,V,R,Q,A,P,G,Q,G,L,E,W,M,G,Y,I,N,P,R,-,-,S,G,Y,T,H,Y,N,Q,K,L,K,-,D,K,A,T,L,T,A,D,K,S,A,S,T,A,Y,M,E,L,S,S,L,R,S,E,D,T,A,V,Y,Y,C,A,R,S,A,Y,Y,D,-,-,-,-,-,-,-,-,-,-,Y,D,G,F,A,Y,W,G,Q,G,T,L,V,T,V,S,S
zalutumumab,0,human,H,2.7e-60,193.2,0,124,,,0.00,,0.00,Q,V,Q,L,V,E,S,G,G,-,G,V,V,Q,P,G,R,S,L,R,L,S,C,A,A,S,G,F,T,F,-,-,-,-,S,T,Y,G,M,H,W,V,R,Q,A,P,G,K,G,L,E,W,V,A,V,I,W,D,D,-,-,G,S,Y,K,Y,Y,G,D,S,V,K,-,G,R,F,T,I,S,R,D,N,S,K,N,T,L,Y,L,Q,M,N,S,L,R,A,E,D,T,A,V,Y,Y,C,A,R,D,G,I,T,M,V,R,-,-,-,-,-,G,V,M,K,D,Y,F,D,Y,W,G,Q,G,T,L,V,T,V,S,S
zanolimumab,0,human,H,5.1e-56,179.4,0,114,,,0.00,,0.00,Q,V,Q,L,Q,Q,W,G,A,-,G,L,L,K,P,S,E,T,L,S,L,T,C,A,V,Y,G,G,S,F,-,-,-,-,S,G,Y,Y,W,S,W,I,R,Q,P,P,G,K,G,L,E,W,I,G,E,I,N,H,S,-,-,-,G,S,T,N,Y,N,P,S,L,K,-,S,R,V,T,I,S,V,D,T,S,K,N,Q,F,S,L,K,L,S,S,V,T,A,A,D,T,A,V,Y,Y,C,A,R,V,I,N,-,-,-,-,-,-,-,-,-,-,-,-,-,-,W,F,D,P,W,G,Q,G,T,L,V,T,V,S,S
